13 סיבות למה,none,"🎬 13 סיבות למה\n🎭 ז'אנר: דרמה, מתח\n📅 שנת יציאה: 2017\n⏱ אורך פרק: כ-50 דקות\n\nתקציר:\nלאחר שהתלמידה האנה בייקר מתאבדת, חבריה מקבלים קלטות שהשאירה מאחור, ובהן היא מפרטת את 13 הסיבות למעשה. ככל שהקלטות מתגלות, נחשפים סודות אפלים וטלטלות רגשיות שמשנות את חייהם של כל המעורבים. 🎧💔\n\n🔗 קישור לדרייב: https://drive.google.com/drive/folders/1JC_1PwWAlFRCN-Q94AGRlsAQFx40paCa",single,,,g,,,,,0,,,,,,,,seconds,0,0,,,,,,,,,,,,,124,0
99 ברוקלין,none,"🎬 ברוקלין 99\n🎭 ז'אנר: קומדיה, משטרתית\n📅 שנת יציאה: 2013\n⏱ אורך פרק: 22 דקות\n\nתקציר:\nהסדרה עוקבת אחרי צוות בלשנים בתחנת משטרת ברוקלין, ניו יורק. היא מציגה את עבודת צוותם בשילוב עם סיטואציות מצחיקות, רגעים אנושיים והקשיים שהם חווים, יחד עם היחסים בין חברי הצוות. 😄🚔\n\n🔗 קישור לדרייב: \n♦️ עונה 1 ♦️\nhttps://drive.google.com/folderview?id=1tyyDV_9FTNN6-7fZAbCaUNIf-Vu8CRPG\n\n♦️ עונה 2 ♦️\nhttps://drive.google.com/folderview?id=1u3vY9R0snr8aLZM6RsMuYJIb37SlgQwh\n\n♦️ עונה 3 ♦️\nhttps://drive.google.com/folderview?id=1u9c5HuzZbXPlsFfvppKeV0ctBgCL6j2f\n\n♦️ עונה 4 ♦️\nhttps://drive.google.com/folderview?id=1uEVfWhX5cCKeUoZGG_k1ytlxStKPM9Ej\n\nעונה 4 פרק 15 ↙️\nhttps://drive.google.com/file/d/11Z3bTxopHE0L4IgR7o_6-ngLa7Lyso3W/view?usp=drivesdk\n\n♦️ עונה 5 ♦️\nhttps://drive.google.com/folderview?id=1uQ4fwRM_LBXX5nlypNLLY5o_8xrc0V8X\n\n♦️ עונה 6 ♦️\nhttps://drive.google.com/folderview?id=1uRV435kioiZ4Aj4zdeQIinui_PSMHOWt\n\n♦️ עונה 7 ♦️\nhttps://drive.google.com/folderview?id=1uSmkX2QCR6hCWfE09MCsrf1UGhmKu3Hu\n\n♦️ עונה 8 ♦️\nhttps://drive.google.com/drive/folders/1BXKxUlgv2jRE2JGny9n8scg0ZmmhSbLb?usp=sharing",single,,,g,,,,,0,,,,,,,,seconds,0,0,,,,,,,,,,,,,133,0
אהבה חדשה,none,"🎬 אהבה חדשה – עונה 4 + 5\n🎭 ז’אנר: ריאליטי, רומנטיקה\n📅 שנת יציאה: 2025\n\n📖 תקציר: ארבעה רווקים ורווקות נפגשים למטרת אהבה, כשהם מתנסים בחיים משותפים עם בני זוג פוטנציאליים. בכל שלב, עליהם להחליט אם להמשיך יחד או לנסות עם מישהו חדש. האם ימצאו את האחד? ❤️🏡\n\n> *Qbzn • DriveFlix*\n\n🔗 קישור לדרייב:\n*עונה 4*\nhttps://drive.google.com/drive/folders/11O1rramtLW45Wcbii6gkybUWeHxyMUgB\n\n*עונה 5*\nhttps://drive.google.com/drive/folders/1PUI7J45oBHMed_8dr1O2QqmXFCIT_zz-",single,,,g,,,,,0,,,,,,,,seconds,0,0,,,,,,,,,,,,,222,0
אוואטר אנג,none,"🎬 אווטאר אנג\n🎭 ז'אנר: אנימציה, הרפתקאות, פנטזיה\n📅 שנת יציאה: 2005\n⏱ אורך פרק: כ-22 דקות\n\nתקציר:\nאנג, הילד שבורח ממנהרה של 100 שנה, מוצא את עצמו במרכז מאבק עולמי. הוא חייב ללמוד לשלוט בארבעת היסודות כדי להביס את האימפריה השלטת ולהשיב את האיזון לעולם. 🌍🔥\n\n🔗 קישור לדרייב: https://drive.google.com/drive/folders/1scjgbLI7HQiJ9OH8t5oQF80H9aGoassR",single,,,g,,,,,0,,,,,,,,seconds,0,0,,,,,,,,,,,,,180,0
אווטאר אנג,none,"🎬 אווטאר אנג\n🎭 ז'אנר: אנימציה, הרפתקאות, פנטזיה\n📅 שנת יציאה: 2005\n⏱ אורך פרק: כ-22 דקות\n\nתקציר:\nאנג, הילד שבורח ממנהרה של 100 שנה, מוצא את עצמו במרכז מאבק עולמי. הוא חייב ללמוד לשלוט בארבעת היסודות כדי להביס את האימפריה השלטת ולהשיב את האיזון לעולם. 🌍🔥\n\n🔗 קישור לדרייב: https://drive.google.com/drive/folders/1scjgbLI7HQiJ9OH8t5oQF80H9aGoassR",single,,,g,,,,,0,,,,,,,,seconds,0,0,,,,,,,,,,,,,147,0
אווטאר כשף האוויר האחרון,none,"🎬​ אווטאר: כשף האוויר האחרון (Live-Action, Netflix, 2024)\n🎭 ז'אנר: פנטזיה, הרפתקאות, לייב-אקשן\n📅 שנת יציאה: 2024\n⏱ מספר פרקים: 8 (כ-50 דקות כל פרק)\n\n📝 תקציר:\nאנג, בשנות ה-12 לחייו, מתעורר לאחר 100 שנים קפאון כדי לגלות שהוא האווטאר — היחיד שיכול לשלוט בארבעת היסודות ולהשיב איזון לעולם. יחד עם קטרה וסוקה, הוא יוצא להרפתקה אפית מול אומת האש. הסדרה מצליחה לשמור על נשמת המקור תוך השקעה עצומה באפקטים, תפאורה וקריצה למעריצים! 🌀🔥🌊🧘‍♂️\n> Driveflix \n🔗 קישור לדרייב:\nhttps://drive.google.com/drive/folders/1-2eMJTW8xx_Eus4Tmi2-wACzhaG6nfBW",single,,,g,,,,,0,,,,,,,,seconds,0,0,,,,,,,,,,,,,889,0
אווטאר קורה,none,"🎬 אווטאר: קורה\n🎭 ז'אנר: הרפתקאות, פנטזיה\n📅 שנת יציאה: 2012\n⏱ אורך פרק: 22 דקות\n\nתקציר:\nהסדרה עוקבת אחרי קורה, המורה החדשה לאוויר, אשר מנסה להביא איזון לעולם שנמצא במצוקה. היא פוגשת אויבים חזקים ומאתגרת את עצמה כדי לשמור על השלום ולתת ליקום הזדמנות לחזור לאיזון. 🌀🌪\n\n🔗 קישור לדרייב: https://drive.google.com/drive/folders/1ifw4BCx4ZbHzRXfqr3sQ7nVxqA21RQr7",single,,,g,,,,,0,,,,,,,,seconds,0,0,,,,,,,,,,,,,177,0
אור ראשון,none,"🎬 אור ראשון (Red Alert / Or Rishon, 2025)\n🎭 ז'אנר: דרמה • היסטוריה • מלחמה\n📅 שנת יציאה: 2025\n⏱ מספר פרקים: 4\n⭐ דירוג: אין מספיק ביקורות רשמיות עדיין (ב-IMDb / edb) \n\n📝 תקציר:\nמיני-סדרה ישראלית שמבוססת על אירועים אמיתיים מ-7 באוקטובר 2023. ארבעה סיפורי גבורה שמתרחשים באותו יום טראגי — בת שבע יהלומי מניר עוז נמלטת מחטיפה עם בנותיה, בנה איתן נחטף ובעלה נהרג בשבי; טלי חדד מאופקים פינתה פצועים תחת אש, כולל בנה איתמר; השוטרות רס""ב ליאת צביאלי ורס""מ נופר (שמות בדויים) מחפ""ק הנובה, חילצות תחת אש; ואיוב מהנגב, שאחרי שאשתו נהרגה, מסתתר עם בנו בן התינוק והציל חיילים ממחבל מארב קטלני. הסדרה נוצרה בשיתוף עם האנשים עצמם שמסרו את הסיפור שלהם. \n\n> Driveflix\n🔗 קישור לדרייב:\nhttps://drive.google.com/drive/folders/1erStSGyjy3t9lUVUA2lvHOxAYdwzLnFL",single,,,g,,,,,0,,,,,,,,seconds,0,0,,,,,,,,,,,,,1034,0
אזהרת מסע אתונה,none,"🎬 אזהרת מסע: אתונה\n🎭 ז'אנר: דרמת מתח\n📅 שנת יציאה: 2025\n⏱ אורך פרק: כ-37 דקות\n\n📝 תקציר:\nהסדרה עוקבת אחר אריק שור, פוליטיקאי ישראלי, שנוסע לאתונה כדי לפגוש את בתו הסודית.  הם מוצאים עצמם במרדף מסוכן לאחר חטיפה מסתורית, כשקונספירציה בינלאומית מאיימת על חייהם.  העלילה מתפתחת בין רחובות אתונה לצילומים מרהיבים, תוך שילוב של דרמה משפחתית ומותחן פוליטי.   🎭🕵️‍♂️🏛️\n\n> *Qbzn*\n> *🔗 קישור לדרייב:*\nhttps://drive.google.com/drive/folders/1bd4DA3KrXsjCNyv5KIca631QuygK-3Aq",single,,,g,,,,,0,,,,,,,,seconds,0,0,,,,,,,,,,,,,719,0
אחד מאיתנו משקר,none,"🎬 אחד מאיתנו משקר\n🎭 ז’אנר: דרמה, מסתורין, פשע\n📅 שנת יציאה: 2021\n\n📖 תקציר: חמישה תלמידי תיכון נכנסים יחד לריתוק, אך רק ארבעה מהם יוצאים ממנו בחיים. כשהמשטרה חוקרת את המקרה, מתגלים סודות אפלים על כל אחד מהם, וכל אחד הופך לחשוד. סדרת מתח מסקרנת שמלאה בתפניות בלתי צפויות. 🎭🔍\n\n🔗 קישור לדרייב: \nעונה 1\nhttps://drive.google.com/drive/folders/15qMjOf47YU6TJBuWWolpoxyYg4msu893\n\nעונה 2\nhttps://drive.google.com/drive/folders/17Y-YRMfGENYz8udOzJ65P6A0xdPU-kTr",single,,,g,,,,,0,,,,,,,,seconds,0,0,,,,,,,,,,,,,329,0
אחותי קפצה כיתה,none,"🎬 אחותי קפצה כיתה\n🎭 ז’אנר: קומדיה, משפחה\n📅 שנת יציאה: 2022\n\n📖 תקציר: עידו, נער מתבגר שחייו בבית הספר מתנהלים על מי מנוחות, מקבל הפתעה לא צפויה כשאחותו הקטנה והמוכשרת, עלמה, קופצת כיתה ונכנסת לכיתה שלו. כעת הוא נאלץ להתמודד עם הסיטואציה המשעשעת והמביכה, תוך שמירה על מעמדו החברתי. 🎒😂\n\n🔗 קישור לדרייב:\nעונה 1\nhttps://drive.google.com/folderview?id=1-3QBElvPYXeBjMc_QxQxcU7RNmiL6aFa\n\nעונה 2\nhttps://drive.google.com/folderview?id=1-5e3kz0IcsbfbcSTOFAXHDT-_meIiBsC\n\nעונה 3\nhttps://drive.google.com/folderview?id=1-JDDPykjw_4soVv41RtS_tl5kOTH0kna",single,,,g,,,,,0,,,,,,,,seconds,0,0,,,,,,,,,,,,,342,0
איך פגשתי את אמא,none,"🎬 איך פגשתי את אמא\n🎭 ז'אנר: קומדיה, רומנטיקה\n📅 שנת יציאה: 2005\n⏱ אורך פרק: כ-22 דקות\n\nתקציר:\nטד מוסבי מספר לילדיו כיצד הכיר את אמם, במסע מלא בהרפתקאות, אהבה וצחוק. יחד עם חבריו – מרשל, לילי, רובין וברני הכריזמטי – הוא חווה חוויות משוגעות בניו יורק בחיפוש אחר אהבת חייו. האם טד ימצא את האחת? 💛😂\n\n🔗 קישור לדרייב: \n\n♦️ עונה 1♦️\nhttps://drive.google.com/folderview?id=1vuxizz-HfOfp2tNyJLMQIKPu-PIfOEIM\n\n♦️ עונה 2♦️\nhttps://drive.google.com/folderview?id=1AdjcOWPL6SgcoDmbbgXlLvc3PMqacEzB\n\n ♦️ עונה 3♦️\nhttps://drive.google.com/folderview?id=1zGS2WAh7-wwv8dMrr86Jdcs_Kd-utd9g\n\n♦️ עונה 4♦️\nhttps://drive.google.com/open?id=1sPN4TliPfykiIZmyK67eV8dFLZ0U8o0T\n\n♦️ עונה 5♦️\nhttps://drive.google.com/open?id=1g3ltGoWeBthU8tc3l5h1xNxKDv4k9Jkw\n\n♦️ עונה 6♦️\nhttps://drive.google.com/open?id=1gU8cl29m1IH8xOxC5bMBnlrQreb_s7z6\n\n♦️ עונה 7♦️\nhttps://drive.google.com/open?id=10GGQwsk-NWBbrvX1GuOOXuvOjdAcuP0N\n\n  ♦️ עונה 8♦️\nhttps://drive.google.com/open?id=1nWH59CONGHO-NWl53fhveq1uQ45c1d1o\n\n♦️ עונה 9♦️\nhttps://drive.google.com/open?id=1OjFSA4zAyxXfn4LfXSnAztvFYt2uMU-U",single,,,g,,,,,0,,,,,,,,seconds,0,0,,,,,,,,,,,,,242,0
אילת,none,"🎬 אילת\n🎭 ז'אנר: דרמת נוער\n📅 שנת יציאה: 2018\n⏱ אורך פרק: כ-30 דקות\n\n📝 תקציר:\nחבורת בני נוער נפגשת במלון באילת במהלך חופשת הקיץ.  עומרי, נער שמגיע לתחרות סנוקר, ותום, נערה העובדת במלון, מוצאים את עצמם מעורבים בפרשת רצח מסתורית ובחיפוש אחר תרופה למחלה נדירה ממנה סובלת אחותה של תום.  במהלך הסדרה נרקמים קשרים רומנטיים, נחשפים סודות משפחתיים ומתפתחות דרמות אישיות.  הסדרה משלבת מתח, רומנטיקה והרפתקאות על רקע הנופים של העיר הדרומית.   🎱🏨🌞\n\n> *🔗 קישור לדרייב:*\nhttps://drive.google.com/drive/folders/14F8CoC7OC3A4p33_shv6KzuhbgvLrCes",single,,,g,,,,,0,,,,,,,,seconds,0,0,,,,,,,,,,,,,720,0
אינדל,none,"🎬 אינדל\n🎭 ז'אנר: דרמה, פשע\n📅 שנת יציאה: 2024\n⏱ אורך פרק: כ-50 דקות\n\nתקציר:\nהסדרה עוקבת אחרי אינדל, צעיר שמחליט להקים אוטונומיה בשכונת רובע ו' באשדוד ולהתמודד מול הממסד. עם כישורים מניפולטיביים, הוא מנסה לשנות את חוקי המשחק ולהוביל את השכונה לכיוון חדש. 💥💣\n\n🔗 קישור לדרייב:\nhttps://drive.google.com/drive/folders/1RUnXI41dkl_tQ4fcAEZmkQIGz3V3x-s-",single,,,g,,,,,0,,,,,,,,seconds,0,0,,,,,,,,,,,,,77,0
איננה,none,"🎬 איננה \n🎭 ז'אנר: דרמה • מתח • אימה פסיכולוגית \n📅 שנת יציאה: 2025\n⏱ מספר פרקים: 8 פרקים, כ-42 דקות פר פרק \n\n📝 תקציר:\nנויה, נערה בת 17, מתה בתאונת דרכים בערבה בתנאים מסתוריים. אביה לשעבר לוחם קרבי, אבנר, לא מאמין שהיתה תאונה רגילה. יחד עם חברתה הטובה דריה, וחוקר משטרה בשם עמית, הוא מתחיל לחקור. תוך כדי החקירה מתגלה שימוש בטכנולוגיה של מציאות רבודה ו-משחק ממכר בשם Wonder — שהסודות שלו עשויים לשנות את כל מה שהם חשבו שהם יודעים.\n\n> Driveflix\n🔗 קישור לדרייב:\nhttps://drive.google.com/drive/folders/1DhZwydi_V0Eb6xg44PALcA9aNzG2Jncn",single,,,g,,,,,0,,,,,,,,seconds,0,0,,,,,,,,,,,,,973,0
אל עצמי,none,"🎬אל עצמי\n🎭ז'אנר: דרמה, סדרת ילדים ונוער\n📅שנת יציאה: 2025\n⏱️אורך: כ-25 דקות לפרק\n\n📝תקציר:\nציון כהן, ילד מבית שאן, נשלח להתגורר בבית אומנה בחיפה 🏠📚. דרך היומן שהוא כותב מדי ערב ✍️📖, הוא מתמודד עם מציאות חדשה 😔🤝, מגלה את הקול הפנימי שלו 💭❤️ ומוצא שייכות במקום לא מוכר 🌟🛤️.\n\nלצפיה בסדרה ⬇️🎥🔥\nhttps://drive.google.com/drive/folders/1-7F-cLJ0c2Dp7lkfjGFNp4RXaa62X8sJ",single,,,b,,,,,0,,,,,,,,seconds,0,0,,,,,,,,,,,,,931,0
אליטה,none,"🎬 אליטה (סדרה)\n🎭 ז'אנר: פעולה, הרפתקאות, מדע בדיוני\n📅 שנת יציאה: 2018\n⏱ אורך פרק: 50 דקות (בערך)\n\nתקציר:\nהסדרה ""אליטה"" עוקבת אחרי קבוצה של תלמידים בבית ספר פנוי בספרד, המגיעים ממדינות שונות ומעולמות שונים, כאשר כל אחד מהם שומר סוד משלו.\n\n🔗 קישור לדרייב: \nעונה 1\nhttps://drive.google.com/drive/folders/18r2n9YlS29Qfx948FwdItW3_DcOV8L8Y\n\nעונה 2\nhttps://drive.google.com/drive/folders/18z9slpQuKaf1rCt2XzoME09dt9XUfq27\n\nעונה 3\nhttps://drive.google.com/drive/folders/18zL-5NOLaMIaQawLyVQGhClnTJQXoP8l\n\nעונה 4\nhttps://drive.google.com/drive/folders/19DX6l9McLPGKmQkq7usHGrsVpvx-ESp9\n\nעונה 5\nhttps://drive.google.com/drive/folders/19KKzcyXtOxUS62SauZYlbqKoyAYHogAO\n\nאין את שאר העונות כרגע🙏😓",single,,,g,,,,,0,,,,,,,,seconds,0,0,,,,,,,,,,,,,220,0
אריות הים,none,"🎬 אריות הים\n🎭 ז’אנר: דרמה, אקשן, מלחמה\n📅 שנת יציאה: 2017\n⏱ אורך פרק: כ-43 דקות\n\n“תקציר: יחידת העלית של כוחות ה-Navy SEALs מתמודדת עם משימות מסוכנות ברחבי העולם, תוך ניסיון לשמור על חייהם האישיים והמשפחתיים. כשהם נשלחים למבצעים סודיים, הם נדרשים להפגין אומץ, חוכמה ונאמנות בלתי מתפשרת. 🎖️🔥”\n\n🔗 קישור לדרייב: https://drive.google.com/drive/folders/1AgN_1JWuOlO32MqD_QIzklEn9RhmIyGq",single,,,g,,,,,0,,,,,,,,seconds,0,0,,,,,,,,,,,,,252,0
ארקיין,none,"👇 ""_ארקיין עונה 1_"" 👇\n\nפרק 1 (1080HD): ↙️\nhttps://drive.google.com/file/d/1ReuY6hkvKCezODlULu14AQPI768KA-e6/view\nפרק 2 (1080HD): ↙️\nhttps://drive.google.com/file/d/1NO316o2P4Ra6EpukiYDIzLUjv1IWaCEe/view\nפרק 3 (1080HD): ↙️\nhttps://drive.google.com/file/d/1IGSUbn67aIefB3WtkoNtJRIScjYbrfCl/view\nפרק 4 (720HD): ↙️\nhttps://drive.google.com/file/d/1UlU9VUMCystZsbopwr-Cj67l5X6PwsF2/view\nפרק 5 (720HD): ↙️\nhttps://drive.google.com/file/d/1S27s7q9E2cqjNYFbmtnLUVHnPgkeCj-s/view\nפרק 6 (720HD): ↙️\nhttps://drive.google.com/file/d/1F3zdua_rx6-7VnIEeWom6ZPIQNqeYEem/view\nפרק 7 (720HD): ↙️\nhttps://drive.google.com/file/d/1M5IeqH4K6Mm4enzS2Rc0lL-e-skuUVzW/view\nפרק 8 (720HD): ↙️\nhttps://drive.google.com/file/d/1DYmea_aF01VjWb_YDJ3aqvdVHv-gDpjN/view\nפרק 9 (720HD): ↙️\nhttps://drive.google.com/file/d/1THi3Cp-LuIVhGQFOAbACI3Tee1DRcHXJ/view\n\n*עונה 2*\n*קרדיט לבחור שאיתנו בדרייבפליקס שהעלה את עונה *2 לדרייב ושלח לנו :)*\n*ארקיין עונה 2*\nפרק 1\nhttps://drive.google.com/file/d/1-Ay-rrWC5EyLA30qhgYcw9UcYtDqSAOx/view?usp=drivesdk\nפרק 2\nhttps://drive.google.com/file/d/1-GoYLwHcbfXUTuix18hrg6xcfNyYEDpR/view?usp=drivesdk\nפרק 3\nhttps://drive.google.com/file/d/1-IA3tMXA5gNaCrHF1Ht1qi-VWACfHzkO/view?usp=drivesdk\nפרק 4\nhttps://drive.google.com/file/d/1-IhHZpuEcgOESjsVHLylez_w9ehTxfHL/view?usp=drivesdk\nפרק 5\nhttps://drive.google.com/file/d/1-J8AVQKO0i9rmZn4slgJ9Y-l_WNOR4xN/view?usp=drivesdk\nפרק 6\nhttps://drive.google.com/file/d/1-aYVBoTh1wo3YubAZAf05iaICdW7aecD/view?usp=drivesdk\nפרק 7\nhttps://drive.google.com/file/d/1-lNsVpv49UZQIWXNktGq7hmE7cDlY3oh/view?usp=drivesdk\nפרק 8\nhttps://drive.google.com/file/d/1-mMDCUgJ2AG2rWXBK1fPO2y2j3efdPEZ/view?usp=drivesdk\nפרק 9\nhttps://drive.google.com/file/d/11waTx_38XidFi9P_sR-UrVrdYsiI0GZ2/view?usp=drivesdk",single,,,g,,,,,0,,,,,,,,seconds,0,0,,,,,,,,,,,,,315,0
אשמתי,none,"🎬 אשמתי  ~ אוסף ~ (Culpables)\n🎭 ז'אנר: רומנטיקה • דרמה • צעירים.\n📅 שנות יציאה:\nאשמתי – 2023 | אשמתך – 2024 | אשמתנו – 2025 | אשמתי: לונדון – 2025\n⏱ אורך ממוצע: כ-110 דקות לכל סרט\n> 📝 תקציר:\nנואה וניק נשאבים לאהבה אסורה וטעונה שמתחילה בתשוקה חזקה ומתנגשת במשפחה, סודות והבדלי מעמדות. הקשר הסוער עובר דרך קנאה, בגידות ופרידות כואבות, כשהזמן מפריד ביניהם אך לא מצליח למחוק את הרגשות. בכל שלב הם נאלצים להתמודד עם ההשלכות של הבחירות שלהם ועם השאלה האם אהבה אמיתית יכולה לשרוד טעויות.\n\n> Driveflix\n\n🔗 קישור לדרייב:\nhttps://drive.google.com/drive/folders/1D8DrlwzGx8oa3GdNPdPVMUpPMWJDQzJ2",single,,,g,,,,,0,,,,,,,,seconds,0,0,,,,,,,,,,,,,1030,0
באהבה קיטי,none,"🎬 באהבה קיטי\n🎭 ז'אנר: דרמה קומית רומנטית\n📅 שנת יציאה: עונה 1:\n2023, \nעונה 2: 2025\n⏱ אורך פרק: כ-30 דקות\n\n\n📝 תקציר:\nקיטי, השדכנית הצעירה, מגשימה את חלומה ומתחילה ללמוד בבית ספר יוקרתי בסיאול. היא מגלה שהחיים, האהבה והמשפחה מורכבים יותר מכפי שחשבה. \n\n\n> *הועלה ע""י Qbzn*\n> 🔗 קישור לדרייב:\n> *עונה 1:*\nhttps://drive.google.com/drive/folders/15hNn1vv4i-5qgl9TF8ZD0gcX30BCwux2\n\n> *הועלה ע""י Qbzn*\n> *עונה - 2:*\nhttps://drive.google.com/drive/folders/1WH9AmXjkPXaHNflz2e784mlFC-B_K6dX\n\n> *דרייבפליקס*",single,,,g,,,,,0,,,,,,,,seconds,0,0,,,,,,,,,,,,,523,0
באהבה קייטי,none,"🎬 באהבה, קייטי\n🎭 ז’אנר: דרמה, משפחה\n📅 שנת יציאה: 2023\n\n📖 תקציר: קייטי היא נערה צעירה שמתמודדת עם שינויים גדולים בחייה כשהיא נאלצת לעבור לעיר חדשה ולהתחיל מחדש. עם לב פתוח והרבה נחישות, היא מוצאת חברים חדשים, חווה אהבות ראשונות ומתמודדת עם אתגרים אישיים שיגרמו לה להבין מה באמת חשוב בחיים.\n\n🔗 קישור לדרייב:\nעונה 1\nhttps://drive.google.com/drive/folders/1WrhWKrtU9EUvQOZLA8w1nCVQFFjBo4Fc",single,,,g,,,,,0,,,,,,,,seconds,0,0,,,,,,,,,,,,,448,0
בובספוג,none,"🎬 בובספוג מכנסמרובע - סדרה\n🎭 ז’אנר: אנימציה, קומדיה, ילדים\n📅 שנת יציאה: 1999\n\n📖 תקציר: בובספוג הוא ספוג ים עליז שחי בתוך אננס תת-ימי בעיר ביקיני בוטום. יחד עם חבריו – פטריק כוכב הים, סקווידוויד, סנדי וצדף המחמד שלו גארי – הוא יוצא להרפתקאות משוגעות, עובד במסעדת הסרטן הפריך ולא מפסיק לשגע את סביבתו. 🌊🍍\n\n🔗 קישור לדרייב:\nעונה 1\nhttps://drive.google.com/drive/folders/1lMqAL4mR7kJyOdVdYUaIYP7ywKcAAESm",single,,,g,,,,,0,,,,,,,,seconds,0,0,,,,,,,,,,,,,359,0
בייבי בום,none,"🎬 בייבי בום \n🎭 ז'אנר: דרמה, קומדיה\n📅 שנת יציאה: 2017\n⏱ אורך פרק: 30 דקות\n\n""תקציר: סדרה קומית המתרכזת בחיים של נשים עסוקות ומעמד הביניים שמתמודדות עם הורות, קריירה ולחצים יומיומיים. כל פרק עוקב אחרי הדמויות בעודן מנסות לשלב בין האתגרים השונים של החיים."" 👶🎉\n\n🔗 קישור לדרייב: \n*עונה 5*\nhttps://drive.google.com/drive/folders/1ux_nNdb4VoVdJhoSERSmhRGPTp7B5CGH",single,,,g,,,,,0,,,,,,,,seconds,0,0,,,,,,,,,,,,,162,0
בילי,none,"🎬 בילי (סדרת טלוויזיה ישראלית)\n🎭 ז'אנר: קומדיית מצבים, מדע בדיוני\n📅 שנת יציאה: 2007\n⏱ אורך פרק: 23 דקות\n\n*📝 תקציר:*\n חייזרים בשם בילי נוחתת בטעות בבית משפחת שגב, \nמשפחה ישראלית טיפוסית, ומשנה את חייהם עם הרפתקאות קומיות ומצבים בלתי צפויים👽🏠🤪\n\n> *Qbzn*\n🔗 קישור לדרייב:\nשתי עונות:\nhttps://drive.google.com/drive/folders/10D2Ph7DA58PZ-aSXBZQkxtlFTte6-GJc",single,,,g,,,,,0,,,,,,,,seconds,0,0,,,,,,,,,,,,,602,0
בית הנייר,none,"🎬 בית הנייר\n🎭 ז'אנר: פשע, דרמה, מתח\n📅 שנת יציאה: 2017\n⏱ אורך פרק: כ-45 דקות\n\nתקציר:\nכנופיית שודדים בהנהגת ""הפרופסור"" מבצעת שוד נועז על המטבעה המלכותית של ספרד, במטרה להדפיס מיליארדי יורו תוך הישארות בתוך המבנה במשך ימים. במהלך הזמן, הם מתמודדים עם לחצים מבחוץ ומבפנים במאבק על חירותם. 💰🎭\n\n🔗 קישור לדרייב: https://drive.google.com/drive/folders/1Wc9QEM-jSR26ScPFBocmCcbTKFfvRNjj\n\nעונה 4 - Qbzn\nhttps://drive.google.com/drive/folders/1oYoh4gPbFd4XxA9uxL-Q1QqvS0KXBytt\n\n עונה 5 -  Qbzn\nhttps://drive.google.com/drive/folders/1kOda_KBGQF9q8835C3hzuRMHkLE7B09Z",single,,,g,,,,,0,,,,,,,,seconds,0,0,,,,,,,,,,,,,202,0
בלקספייס,none,"🎬 בלקספייס\n🎭 ז'אנר: דרמת מתח\n📅 שנת יציאה: 2020\n⏱ אורך פרק: כ-40 דקות\n\n📝 תקציר:\nסדרת דרמת מתח ישראלית העוקבת אחר חקירת אירוע ירי בתיכון ""מורשת רבין"" בראשון לציון. במהלך טקס יום הזיכרון, דמויות במסכות חד-קרן מבצעות ירי קטלני. החוקר רמי דוידי, בוגר התיכון, חוזר לחקור את המקרה ומגלה כי התלמידים משתמשים באפליקציה מוצפנת בשם ""בלקספייס"" לתקשורת סודית. 🦄📱🏫\n\n> *הועלה ע""י Qbzn*\n🔗 קישור לדרייב:\n> *Qbzn*\nעונה 1\nhttps://drive.google.com/drive/folders/14EtUTw4JJuTPE9sDBTxpRMAtBNnoUblb\n\n> *Qbzn*\nעונה 2\nhttps://drive.google.com/drive/folders/1leXAMSIQKDQ0iv8BOp2kM03WP5UdROcm",single,,,g,,,,,0,,,,,,,,seconds,0,0,,,,,,,,,,,,,584,0
בני אור,none,"🎬 בני אור\n🎭 ז'אנר: דרמה, מתח, פשע\n📅 שנת יציאה: 2024\n⏱ אורך פרק: 45 דקות\n\nתקציר:\nהסדרה עוקבת אחרי סיפורם של צעירים מזרחיים החיים בשולי החברה בתל אביב. הם מוצאים את עצמם מסתבכים עם עולם תחתון ומציאות של אלימות ושוחד, כאשר כל צעד שלהם מלווה במאבק פנימי בשאלה מי הם באמת ומהי האמת לגבי עולמם.\n\n🔗 קישור לדרייב: https://drive.google.com/drive/folders/10x13WSlzm635YVEXhj7-ElLQIyJzm96y",single,,,g,,,,,0,,,,,,,,seconds,0,0,,,,,,,,,,,,,205,0
ברוקלין 99,none,"🎬 ברוקלין 99\n🎭 ז'אנר: קומדיה, משטרתית\n📅 שנת יציאה: 2013\n⏱ אורך פרק: 22 דקות\n\nתקציר:\nהסדרה עוקבת אחרי צוות בלשנים בתחנת משטרת ברוקלין, ניו יורק. היא מציגה את עבודת צוותם בשילוב עם סיטואציות מצחיקות, רגעים אנושיים והקשיים שהם חווים, יחד עם היחסים בין חברי הצוות. 😄🚔\n\n🔗 קישור לדרייב: \n♦️ עונה 1 ♦️\nhttps://drive.google.com/folderview?id=1tyyDV_9FTNN6-7fZAbCaUNIf-Vu8CRPG\n\n♦️ עונה 2 ♦️\nhttps://drive.google.com/folderview?id=1u3vY9R0snr8aLZM6RsMuYJIb37SlgQwh\n\n♦️ עונה 3 ♦️\nhttps://drive.google.com/folderview?id=1u9c5HuzZbXPlsFfvppKeV0ctBgCL6j2f\n\n♦️ עונה 4 ♦️\nhttps://drive.google.com/folderview?id=1uEVfWhX5cCKeUoZGG_k1ytlxStKPM9Ej\n\nעונה 4 פרק 15 ↙️\nhttps://drive.google.com/file/d/11Z3bTxopHE0L4IgR7o_6-ngLa7Lyso3W/view?usp=drivesdk\n\n♦️ עונה 5 ♦️\nhttps://drive.google.com/folderview?id=1uQ4fwRM_LBXX5nlypNLLY5o_8xrc0V8X\n\n♦️ עונה 6 ♦️\nhttps://drive.google.com/folderview?id=1uRV435kioiZ4Aj4zdeQIinui_PSMHOWt\n\n♦️ עונה 7 ♦️\nhttps://drive.google.com/folderview?id=1uSmkX2QCR6hCWfE09MCsrf1UGhmKu3Hu\n\n♦️ עונה 8 ♦️\nhttps://drive.google.com/drive/folders/1BXKxUlgv2jRE2JGny9n8scg0ZmmhSbLb?usp=sharing",single,,,g,,,,,0,,,,,,,,seconds,0,0,,,,,,,,,,,,,134,0
בת השוטר,none,"🎬 בת השוטר\n🎭 ז'אנר: דרמה, פשע\n📅 שנת יציאה: 2019\n⏱ אורך פרק: כ-50 דקות\n\nתקציר:\nהסרט עוקב אחרי בת שוטר שנאבקת להילחם בעולם של אלימות ופשע תוך שהיא מתמודדת עם דילמות מוסריות כבדות ומציבה את עצמה בסיכון. במהלך הסרט היא מנסה לפענח את מערכת יחסי הכוחות במשטרה ובחיים האישיים שלה. 🌟👮‍♀️\n\n🔗 קישור לדרייב:\n\n*עונה 1 ~ Qbzn*\nhttps://drive.google.com/drive/folders/1xUk6ndGHQ1D7fPri3WQEKPr6o1xMu7zQ\n\n*עונה 2*\nhttps://drive.google.com/drive/folders/14fnah8dgklJm5YUwjE38adUrSiEaC5nB\n\n*עונה 3 ~ DriveFlix*\nhttps://drive.google.com/drive/folders/1-H-rCqfoASIDq4LL4kcxfDqcVrL7yYU5",single,,,g,,,,,0,,,,,,,,seconds,0,0,,,,,,,,,,,,,178,0
ג'יני וג'ורג'יה,none,"🎬 ג'יני וג'ורג'יה\n🎭 ז'אנר: דרמה, קומדיה\n📅 שנת יציאה: 2021\n⏱ אורך פרק: כ-50 דקות\n\nתקציר:\nאחרי שנים של נדודים, ג'ורג'יה, אם חד-הורית כריזמטית, מחליטה להתמקם בעיירה שקטה כדי להעניק לבתה ג'יני ולאחיה חיים יציבים. אך העבר שלה מסרב להישאר מאחור, וסודותיה מאיימים להרוס את הכול. סדרה חכמה, מותחת ומלאת רגעים מרגשים. 🎭🔥\n\nDriveFlix <\n🔗 קישור לדרייב: \nעונה 1\nhttps://drive.google.com/drive/folders/16MyDdiq-ww_e7Eydmm6LejbwiqkV-DOm\n\nעונה 2\nhttps://drive.google.com/drive/folders/1HRngzsHKwDLduAIdLIW20G5ybNhVr7u7\n\n> *Qbzn*\nעונה 3\nhttps://drive.google.com/drive/folders/1wJwWvEojbRHaCW0vH5fK1p9kyT4kSsP3",single,,,g,,,,,0,,,,,,,,seconds,0,0,,,,,,,,,,,,,219,0
גאליס,none,"🎬 גאליס\n🎭 ז’אנר: הרפתקאות, נעורים\n📅 שנת יציאה: 2012\n\n📖 תקציר: סדרת נעורים העוקבת אחר קבוצת חניכים במחנה הקיץ “גאליס”, שמוצאים את עצמם נסחפים למסע מרתק בעקבות אוצר מסתורי, תוך שהם מתמודדים עם תככים, אתגרים וסודות מהעבר. 🏕🔍\n\n🔗 קישור לדרייב:\nעונות 1-7\nhttps://drive.google.com/drive/folders/1120yf3ORibh-1Z4PpgdJP7Ew2ET3PVer\n\nפרקים שחסרים😄\nעונה 1 פרקים 1-30\nhttps://drive.google.com/drive/folders/1-0fLkNTyMtfRBkyFRpUkrDkqiSVP9OSx",single,,,g,,,,,0,,,,,,,,seconds,0,0,,,,,,,,,,,,,382,0
גרוויטי פולס,none,"🎬 גרוויטי פולס\n🎭 ז'אנר: אנימציה, הרפתקאות, קומדיה\n📅 שנת יציאה: 2012\n⏱ אורך פרק: 22 דקות\n\nתקציר:\nהסדרה עוקבת אחרי שני תאומים, דיפר ומייבל, שנוסעים לבקר את סבא שלהם בעיירה גרוויטי פולס. בזמן שהותם, הם נתקלים במסתורין, יצורים מוזרים והרפתקאות על טבעיות שמתרחשות בעיירה המוזרה הזו. 🌲🌀\n\n🔗 קישור לדרייב: \nעונה 1\nhttps://drive.google.com/folderview?id=1EyspO5WwdE0fiCqLJTpyt-3SrVUwHI0g\n\nעונה 2\n> הועלה ע""י Qbzn \nhttps://drive.google.com/drive/folders/1uTTJz_dVDuzlwINpnoyRnsWmkqIqnqdM",single,,,g,,,,,0,,,,,,,,seconds,0,0,,,,,,,,,,,,,203,0
דרדוויל נולד מחדש,none,"🎬 דרדוויל: נולד מחדש\n🎭 ז'אנר: דרמה, אקשן, גיבורי-על\n📅 שנת יציאה: 2025\n⏱ אורך פרק: כ-60 דקות\n📺 מספר פרקים בעונה הראשונה: 9\n\n📝 תקציר:\n  מאט מורדוק הוא עורך דין עיוור בעל חושים מחודדים במיוחד, אשר נאבק למען הצדק בעזרת משרד עריכת הדין המצליח שלו, בעוד ראש המאפיה לשעבר, ווילסון פיסק, מקדם את היוזמות הפוליטיות שלו בניו יורק. כשהזהויות הקודמות שלהם מתחילות להיחשף, הם מוצאים את עצמם במסלול התנגשות בלתי נמנעת.🥊🏙️🩸\n*הועלה ע""י ג'ון סמית*\n\n> *🔗 קישור לדרייב*\nhttps://drive.google.com/drive/folders/1buYPiuBBgxYWRTzv1U59eexfnBWgEpA8",single,,,g,,,,,0,,,,,,,,seconds,0,0,,,,,,,,,,,,,648,0
האחיין שלי בנץ,none,"🎬 האחיין שלי בנץ\n🎭 ז'אנר: קומדיה, פנטזיה\n📅 שנת יציאה: 2021\n⏱ אורך פרק: כ-25 דקות\n\n*📝 תקציר:*\nיוני רובין, מורה בתיכון ""בגיריונית"", חתם על עסקה עם השטן: הוא יהפוך למנהל בתמורה לסיוע לבן השטן, בנץ, בהשלמת לימודיו.  בנץ, שד צעיר, מתקשה להסתגל לעולם האנושי ומבצע תעלולים משעשעים.  הסדרה עוקבת אחרי השניים, התלמידים והסגל, עם המון הומור, קסמים ואתגרים.\nעונה 3 מתמקדת בהתבגרות בנץ, מערכות יחסים משתנות, פוליטיקה מקומית ומפגשים עם דמויות מהגיהנום והעתיד.  הסדרה מלאה באימוג'ים, קסמים, אהבה, תעלולים ושדים.  העתיד לא צפוי, וההפתעות לא נגמרות!😈📚❤️🧛‍♂️🎭\n\n> *Qbzn*\n*עונה 1:*\nhttps://drive.google.com/drive/folders/1NxvgOSfA82LW55sUCSnjRAH7UU-kubAM\n\n*עונה 2:*\nhttps://drive.google.com/drive/folders/1Hm555iQiS58btQIi9wC9KEcEiGTOB99a\n\n*עונה 3:*\nhttps://drive.google.com/drive/folders/14JbuyhVGOu0VLi-5mPr0WOD4H94N0rsR",single,,,g,,,,,0,,,,,,,,seconds,0,0,,,,,,,,,,,,,772,0
האנטומיה של גריי,none,"🎬 האנטומיה של גריי\n🎭 ז'אנר: דרמה, רומנטיקה\n📅 שנת יציאה: 2005\n⏱ אורך פרק: 43 דקות\n\nתקציר:\nהסדרה עוקבת אחרי ד""ר מירנדה גריי וסטודנטית לרפואה בשם אלכסיס, שעוברת דרך קשה בעולם הרפואה. כל פרק מציג את ההתמודדויות האישיות והמקצועיות של צוות הרופאים, תוך כדי שהם מנסים לאזן בין חיים מקצועיים לבין אתגרים רגשיים ורומנטיים. סדרה מצמררת עם רגעים של אקשן ורגעים מרגשים. 💉❤️\n\n🔗 קישור לדרייב: https://drive.google.com/drive/folders/1SGQuEYGh0KfU41Cttag7AX4qMNUDHND0",single,,,g,,,,,0,,,,,,,,seconds,0,0,,,,,,,,,,,,,110,0
הבוגדים,none,"🎬 הבוגדים (הגרסה הישראלית)\n🎭 ז'אנר: ריאליטי, מתח, אסטרטגיה\n📅 שנת יציאה: 2025\n⏱ אורך הסדרה: 11 פרקים (עונה אחת) \n\n*📝 תקציר:*\n22 מתמודדים נכנסים לטירה אירופאית, כשחלקם נבחרים בסתר להיות ""בוגדים"" שמטרתם לחסל את שאר המשתתפים מבלי להיחשף. בכל לילה, הבוגדים ""רוצחים"" משתתף, ובמהלך היום, הקבוצה מנסה לזהות ולהדיח את הבוגדים. המשחק משלב משימות, אסטרטגיה, שקרים וגילויים מפתיעים.  🏰🕵️‍♂️🔪\n\n> *Qbzn*\n> *🔗 קישור לדרייב:*\nhttps://drive.google.com/drive/folders/1HDh5eSkayIcyeXqqtfjo35o35uXFlcV5",single,,,g,,,,,0,,,,,,,,seconds,0,0,,,,,,,,,,,,,713,0
הבורר,none,"🎬 הבורר \n🎭 ז'אנר: דרמת פשע\n📅 שנת יציאה: 2007\n⏱ אורך פרק: כ-45 דקות\n\n📝 תקציר: עובד סוציאלי מגלה שאביו הביולוגי הוא ברוך אסולין, ראש משפחת פשע מגבעת שמואל, הידוע בכינויו ""הבורר"". הסדרה עוקבת אחרי נדב פלדמן, העובד הסוציאלי, כשהוא מתמודד עם גילוי זה ונמשך לעולם הפשע של משפחתו הביולוגית. העלילה משלבת בין דרמה למתח, ומציגה את הקונפליקטים בין נורמות החברה לעולם התחתון. \n\n🔗 קישור לדרייב:\nhttps://drive.google.com/drive/folders/14WDqN43-R--C6BWLdiFSB_4r1BHNYcJi",single,,,g,,,,,0,,,,,,,,seconds,0,0,,,,,,,,,,,,,215,0
הבנים,none,"🎬 הבנים\n🎭 ז'אנר: סדרת גיבורי-על, דרמה, קומדיה שחורה, פעולה\n📅 שנת יציאה: 2019\n⏱ אורך הפרק: כ-60 דקות\n( 4 עונות )\n\n📝 תקציר:\n""הבנים"" היא סדרת טלוויזיה אמריקאית שמבוססת על קומיקס, ועוסקת בצוות שומרי חוק אינטרנטי (באנגלית: The Boys) שמטרתם לעמוד מול גיבורי-על מושחתים המנצלים את כוחם לרעה. הסדרה מציגה סאטירה חברתית וקומית לצד אלימות ואקשן, ועוקבת אחרי מאבקיהם של ""הבנים"" להסתיר את המציאות האפלה מאחורי תדמית הגיבורי העל הזוהרת. 🎭💥😎\n\n*הועלה ע""י ג'ון סמית*\n🔗 קישור לדרייב: \nעונה 1\nhttps://drive.google.com/drive/folders/1II7_w5Iowg4SWdZba2qB806omzRFDIog\nעונה 2\nhttps://drive.google.com/drive/folders/1YgCsrMzL9inwd4XHsjCAIBoGZVwtZJSF\nעונה 3\nhttps://drive.google.com/drive/folders/17wRekV3OeYJOlIzDQRy1LcRsuIVQwZkF\nעונה 4\nhttps://drive.google.com/drive/folders/18ovcx6Pvwdi-Em2sl-wTgrLSy2IVAlSo",single,,,g,,,,,0,,,,,,,,seconds,0,0,,,,,,,,,,,,,649,0
החברים של נאור,none,"🎬 החברים של נאור\n🎭 ז'אנר: קומדיה\n📅 שנת יציאה: 2014-2016\n⏱ אורך פרק: כ-25 דקות\n\nתקציר:\nנאור הוא צעיר תל אביבי שחי חיים רגילים אך מגלה שהוא לא כל כך רגיל כמו שהוא חושב. הסדרה עוקבת אחרי נאור וחבריו במהלך הרפתקאותיהם הקומיות והשגרתיות בעיר הגדולה. כל פרק מציע רגעים מצחיקים ומעוררי הזדהות על החיים, החברות והאהבה. 🌆😂\n\nקישורים לעונות:\nעונה 1 (איכות: 480p): https://drive.google.com/folderview?id=1KBWSq78t51Ij8GAP4txSYx4ZKL4009jk\n\nעונה 2 (איכות: 480p): https://drive.google.com/folderview?id=1T-OSIVo-AJp6-6nHse8pq4qZVBKl9pdi\n\nעונה 3 (איכות: 480p): https://drive.google.com/folderview?id=1mxWLTIMHsd7KKkJdtpUrnv4GGfidxmQz\n\nעונה 4 (איכות: 720p): https://drive.google.com/folderview?id=14Huh0InubCqtV_mxY2X5al4pMfxge0Wn",single,,,g,,,,,0,,,,,,,,seconds,0,0,,,,,,,,,,,,,71,0
החיפושית המופלאה,none,"🎬 החיפושית המופלאה \n🎭 ז'אנר: אנימציה, פעולה, הרפתקאות, פנטזיה\n📅 שנת יציאה: 2015\n⏱ אורך פרק: 22–25 דקות\n📺 מספר עונות: 6 \n\n📝 תקציר:\nמרינט המתבגרת הופכת ל-Ladybug, דמות גיבור העל החשאית שלה, בעוד שחברתה לכיתה והמחסום אדריאן הופך ל-Cat Noir, דמות גיבור העל הסודית שלו, כדי להגן על פריס מפני הרוע.🐞🐱🏙️\n\n\n*הועלה ע""י ג'ון סמית*\n🔗 קישור לדרייב\nעונה 1\nhttps://drive.google.com/drive/folders/1jxSc2u1KSDonujFpX9rrNrGdUYPOjAwf\n\nעונה 2\n\nhttps://drive.google.com/drive/folders/1ywLdrfyyErhxEEBaEJIHt2LmxxwmI3P8\n\nעונה 3\n\nhttps://drive.google.com/drive/folders/17CzlnEnMA2hw05upUPWlx4DyLiqDXsJe\n\nעונה 4\n\nhttps://drive.google.com/drive/folders/16SvgqdFgCcLTkJ6k85d4iEl__S63d4Wy\n\nעונה 5\n\nhttps://drive.google.com/drive/folders/1FrnL8b-EGlDgftPMZCgIS24kQJ0S17q-\n\n\nעונה 6\n\nhttps://drive.google.com/drive/folders/1wIRScolhjtb64j7ZmkZm9yIUG7SYwT5f\n\nספיישלים\n\nhttps://drive.google.com/drive/folders/1xVdPCf69ywl88QATUglBdKm1X5iqVE_b",single,,,g,,,,,0,,,,,,,,seconds,0,0,,,,,,,,,,,,,650,0
החמאם,none,"🎬 החמאם\n🎭 ז’אנר: דרמת מתח, מסתורין\n📅 שנת שידור: 2025\n📺 עונות: 1\n🎞 פרקים: 6\n⏱ אורך פרק: כ-38–40 דק'\n\n📝 תקציר:\nבסיס צבאי נטוש בבקעת הירדן, המכונה החמאם, הופך לזירת אירועים מסתוריים ואלמנטים על-טבעיים שמערערים את תחושת המציאות של צוות לוחמים צעיר.\nהחיילים נשלחים להקים מחדש את הבסיס, אך במהרה מוצאים את עצמם מתמודדים עם אירועים שלא ניתנים להסבר.\n\n> DriveFlix\n🔗 קישור לדרייב:\nhttps://drive.google.com/drive/folders/1tU2stV5pgiEV6cvcZ7rrcYZb8xtliG9C",single,,,g,,,,,0,,,,,,,,seconds,0,0,,,,,,,,,,,,,1089,0
החממה,none,"🎬 החממה\n🎭 ז'אנר: דרמה, הרפתקאות, מתח\n📅 שנת יציאה: 2012\n⏱ אורך פרק: כ-25 דקות\n\nתקציר:\nבית ספר יוקרתי לתלמידים מחוננים מתגלה כמרכז לאימונים למשימות סודיות. בין יריבויות, אהבות וסכנות, החניכים נאלצים להתמודד עם קונספירציות מאיימות שישנו את חייהם. 🎭🔥\n\n🔗 קישור לדרייב: https://drive.google.com/folderview?id=12BMZjpN4MDWtqqTWGRjzOhiXMw9ABloY",single,,,g,,,,,0,,,,,,,,seconds,0,0,,,,,,,,,,,,,145,0
החץ הירוק,none,"🎬 החץ הירוק\n🎭 ז'אנר: אקשן, דרמה, גיבורי-על\n📅 שנת יציאה: 2012\n⏱ אורך פרק: כ-42 דקות\n\nתקציר:\nלאחר חמש שנים שבהן היה תקוע על אי בודד, אוליבר קווין, מיליארדר פלייבוי, חוזר לעירו כשהוא חמוש בכישורי הישרדות יוצאי דופן ומטרה אחת – להילחם בפשע. בהשראת רשימה שהשאיר לו אביו, הוא הופך ל""חץ הירוק"" – גיבור עם קשת וחץ שנלחם בפשע ובעוול ברחובות סטאר סיטי. 🏹🦸‍♂️\n\n🔗 קישור לדרייב: \nעונות 1-7 (עונה 8 לא עובד)\nhttps://drive.google.com/drive/folders/1Fw_GIEswkZjHTOLYATHABpmW2C_p7O7Z",single,,,g,,,,,0,,,,,,,,seconds,0,0,,,,,,,,,,,,,175,0
היורשים קוריאני,none,"🎬 היורשים – סדרה קוריאנית (The Heirs)\n🎭 ז'אנר: רומנטיקה, דרמה, נעורים\n📅 שנת יציאה: 2013, שודרה מ־9 באוקטובר עד 12 בדצמבר 2013 ב־SBS \n⏱ מספר פרקים: 20 \n\n📝 תקציר:\nקים טאן, יורש תאגיד ענק, לומד בארה""ב וחוזר לקוריאה כאשר אחיו מנסה להשתלט על ההונה. במהלך שהותו בארה""ב פוגש את צ'ה יון-סאנג, נערה אמיצה ממשפחה ענייה. לאורך הסדרה הם מתמודדים עם פערי מעמד, אהבה אסורה וילדות יוקרתית – האם האהבה תנצח את הכסף? 💼❤️👑 \n\n> Driveflix \n🔗 קישור לדרייב:\nhttps://drive.google.com/drive/folders/1a5B61-OQREWBVWhCI2FHHklwtZzUZtN_",single,,,g,,,,,0,,,,,,,,seconds,0,0,,,,,,,,,,,,,887,0
הישרדות,none,אין שום עונות מלבד העונה החדשה ‼❌\n\nהישרדות עונה 7 [2024] ~ תיקייה מתעדכנת ↙\nhttps://drive.google.com/drive/folders/1EsIOLCOECOpMT7w5aO0n_08n3Ed_EuJa,single,,,g,,,,,0,,,,,,,,seconds,0,0,,,,,,,,,,,,,309,0
הכבוד של אשרף,none,"Esref Rüya\n🎬 הכבוד של אשרף\n🎭 ז'אנר: דרמה • אקשן • פשע • רומנטיקה \n📺 סוג: סדרת טלוויזיה טורקית\n📅 שנת יציאה: 2025\n⏱ אורך פרקים: כ-45–60 דק'\n\n📝 תקציר:\nאשרף טק, מאפיונר רב-כוח בעולם הפשע, נלחם על מעמדו מול אויבים, החוק וחבריו לעבר כשהוא מנסה לשמור על איזון בין חוקי הרחוב הקשוחים לבין ליבו הפגיע. חייו משתנים כשניסאן, מוזיקאית צעירה ואמיצה, נכנסת לעולמו ומסע אהבה מסוכן מופעל לצד מאבקים בתוך ארגון הפשע. סיפור על נאמנות, נקמה, אהבה וקונפליקטים מוסריים בתוך עולם שבו הכבוד שווה יותר מכל.\n> *Qbzn • DriveFlix*\n\n🔗 קישור לדרייב:\nhttps://drive.google.com/drive/folders/13LRKA2SZGSj45d3etKNNsF60AIVddKUp",single,,,g,,,,,0,,,,,,,,seconds,0,0,,,,,,,,,,,,,1047,0
הכלה מאיסטנבול,none,"🎬 הכלה מאיסטנבול\n🎭 ז’אנר: דרמה, רומנטיקה\n📅 שנת יציאה: 2017\n\n📖 תקציר: סורייה, מוזיקאית צעירה ועצמאית מאיסטנבול, מתאהבת בפארוק, איש עסקים כריזמטי ממשפחה מסורתית בבורסה. לאחר נישואיהם, היא עוברת להתגורר עם משפחתו ומתמודדת עם חוקים נוקשים והתנגדותה של חמותה, אסמה. אהבתם עומדת למבחן כשהעבר צף והסודות מתגלים. 🎻💍\n\n🔗 קישור לדרייב: \n301 פרקים\nhttps://drive.google.com/drive/folders/1MhM2wkOF9ZdVjHQuPabNmRoBw-ty2qU8",single,,,g,,,,,0,,,,,,,,seconds,0,0,,,,,,,,,,,,,418,0
המורדים הדור הבא,none,"🎬 המורדים: הדור הבא\n🎭 ז'אנר: דרמת נעורים מוזיקלית\n📅 שנת יציאה: 2022\n⏱ אורך פרק: כ-39–47 דקות\n\n📝 תקציר:\nסדרת המשך למקור הארגנטינאי, המתרחשת בבית הספר היוקרתי ""Elite Way School"", בו תלמידים מוכשרים מתחרים בקרב להקות. תוך כדי, אהבות וחברויות נרקמות, בעוד חברה סודית מאיימת על שאיפותיהם המוזיקליות. 🎤🏫🎸\n\n> *הועלה ע""י Qbzn*\n🔗 קישור לדרייב:\nעונה 1\nhttps://drive.google.com/drive/folders/1zHWawRmHiWXL9AJN-6RH_EVOnIG3HMdG\n\n> *Qbzn*\nעונה 2\nhttps://drive.google.com/drive/folders/1PieFgEUVTXVHTTJHgLJ9mxMNDuL8jVst",single,,,g,,,,,0,,,,,,,,seconds,0,0,,,,,,,,,,,,,585,0
המזח,none,"🎬 המזח\n🎭 ז'אנר: דרמה, היסטוריה \n📅 שנת יציאה: 27 באפריל 2025 \n⏱ אורך הסדרה: 5 פרקים, כ-45 דקות כל פרק \n\n*📝 תקציר:*\nבסדרה דרמטית-תיעודית, מוצב “המזח” בנגב מוצא עצמו מבודד אחרי מתקפת הפתע במלחמת יום הכיפורים. הלוחמים מתמודדים עם לחימה עזה, פצועים רבים והחלטות גורליות – כשהישרדותם תלויה באומץ ובסולידריות. 🔥🔫💔\n\n> *Qbzn*\n> *🔗 קישור לדרייב*\nhttps://drive.google.com/drive/folders/1zsjUSuwknOiR9LGv7tMoS01off7I9hfQ",single,,,g,,,,,0,,,,,,,,seconds,0,0,,,,,,,,,,,,,718,0
המטרה,none,"🎬 אוסף המטרה (Has Fallen Series)\n🎭 ז'אנר: אקשן • מותחן\n📅 שנות יציאה: 2013 • 2016 • 2019\n⏱ אורכי הסרטים: 99–121 דק'\n\n📝 תקציר: שלושה פרקי אקשן עוצרי נשימה בכיכובו של הסוכן מייק באנינג. ב־2013 הוא נאבק בטרוריסטים שפלשו לבית הלבן (Olympus Has Fallen). ב־2016, בלב לונדון, הוא מתמודד עם מתקפת־על בזמן הלוויית ראש ממשלת בריטניה (London Has Fallen). וב־2019, באנינג מואשם בניסיון התנקשות בנשיא ונאלץ לצאת למנוסה כדי לחשוף קנוניה מסוכנת ולהוכיח את חפותו (Angel Has Fallen). 🏛️💥🎯\n\n> Driveflix\n🔗 קישור לדרייב:\nhttps://drive.google.com/drive/folders/1_oti1Ir1wg61t5xjwkp_CzE1z6FKeSYd",single,,,g,,,,,0,,,,,,,,seconds,0,0,,,,,,,,,,,,,316,0
המטרה אמיא,none,"🎬 המטרה: אמיא\n🎭 ז’אנר: דרמת אקשן\n📅 שנת יציאה: 2025\n\n📖 תקציר: סדרה ישראלית המבוססת על אירועים אמיתיים, העוסקת בפיגוע הנורא שהתרחש בבניין הקהילה היהודית בבואנוס איירס בשנת 1994. הסיפור עוקב אחר חקירת האירוע, כשהגיבורים מוצאים את עצמם במרוץ נגד הזמן לחשיפת האמת מאחורי הפיגוע הקטלני.\n\n🔗 קישור לדרייב:\nפרק 1\nhttps://drive.google.com/file/d/14iVaJBXBXE1K1RnmGOwkprVNwunqAs9S/view?usp=drivesdk\n\nפרק 2\nhttps://drive.google.com/file/d/1MweXdu52mfSZ8VP-_l1FjE7zfTvkgDI9/view?usp=drivesdk\n\nמתעדכן",single,,,g,,,,,0,,,,,,,,seconds,0,0,,,,,,,,,,,,,368,0
המפקדת,none,"🎬 המפקדת\n🎭 ז'אנר: דרמה קומית\n📅 שנת יציאה: 2021\n⏱ אורך פרק: כ-45 דקות\n\n📝תקציר:\nסדרה ישראלית קומית-דרמטית העוקבת אחרי חייהן המאתגרים של מפקדות וחיילות בבסיס טירונות, עם הרבה רגעים משעשעים ואירועים בלתי צפויים. 😂🎖️\n\n> *Qbzn*\n🔗 קישור לדרייב:\nעונה 1 \nhttps://drive.google.com/drive/folders/1-MU3DcRw4xbWtK8udrqSFtLFqGyvV5jy\n\n> *Qbzn*\nעונה 2 \nhttps://drive.google.com/drive/folders/1PYO_isIZH4oUW9vSebh8YMPta2Rn3OOb",single,,,g,,,,,0,,,,,,,,seconds,0,0,,,,,,,,,,,,,594,0
המקוריים,none,"🎬 המקוריים\n🎭 ז'אנר: דרמת פנטזיה על-טבעית\n📅 שנת יציאה: 2013\n⏱ אורך פרק: כ-42 דקות\n\n📝 תקציר:\nסדרת ספין-אוף של ""יומני הערפד"" העוקבת אחר משפחת מיקאלסון – הערפדים המקוריים – כשקלאוס, הכלאה של ערפד ואיש-זאב, חוזר לניו אורלינס כדי להתמודד עם איומים חדשים ולהשיב את השליטה בעיר. 🧛‍♂️🐺🏙️\n\n🔗 קישור לדרייב:\n\nעונה 1\nhttps://drive.google.com/folderview?id=0B8xpEmMs0B4zVHlxam5tRG12eWc&resourcekey=0-dmTf9wZNDP-hvarWCKRfQg\n\n\nעונה 2\nhttps://drive.google.com/folderview?id=0B8xpEmMs0B4zR0prU0cxSEswbDQ&resourcekey=0-bo83xgT7Z-IfUYrweALaKg\n\nעונה 3\nhttps://drive.google.com/folderview?id=0B8xpEmMs0B4zdnYwSzVjTW5ReW8&resourcekey=0-vcBBI4J6DJF4vO-nS7g83A\n\nעונה 4\nhttps://drive.google.com/folderview?id=0B8xpEmMs0B4zcW1MSXlZZlZ5OG8&resourcekey=0-esKk4Eg-6Zq4VWLsS34ASQ",single,,,g,,,,,0,,,,,,,,seconds,0,0,,,,,,,,,,,,,586,0
הפיג'מות,none,"🎬 הפיג'מות\n🎭 ז'אנר: קומדיית מצבים מוזיקלית\n📅 שנת יציאה: 2003\n⏱ אורך פרק: כ-25 דקות\n\n📝 תקציר:\nסדרה קומית ישראלית העוקבת אחר שלישיית חברים מנתניה – אילן, עודד וקובי – המנסים להצליח כלהקת רוק בתל אביב. הם גרים בדירת דודתו של אילן ופוגשים את השכנה אלונה, שמצטרפת ללהקה. במקביל, הם עובדים בהמבורגריה של גרי, דודו של קובי, ומתמודדים עם אתגרים קומיים בחייהם האישיים והמקצועיים. 🎸🍔🏙️\n\n> *Qbzn הועלה ע""י*\n> *🔗 קישור לדרייב:*\n> *עונה 1*\nhttps://drive.google.com/drive/folders/1nli5UzNrCmIAA1Rv-p5rYQMaHw0m9Zel",single,,,g,,,,,0,,,,,,,,seconds,0,0,,,,,,,,,,,,,587,0
הפלאש,none,"🎬 הפלאש\n🎭 ז’אנר: גיבורי-על, פעולה, דרמה\n📅 שנת יציאה: 2014\n⏱ אורך פרק: כ-42 דקות\n\n⚡ בארי אלן, מדען מז”פ במשטרת סנטרל סיטי, נחשף לפגיעת ברק בעקבות תאונה במאיץ חלקיקים, ומגלה שיש לו יכולת לנוע במהירות על-אנושית. כעת, כגיבור-העל הפלאש, הוא נאבק בנבלים מסוכנים, חושף קנוניות אפלות ומנסה לגלות את האמת על עברו. 🏃‍♂️⚡\n\n🔗 קישור לדרייב:\nQbzn\nעונה 1\nhttps://drive.google.com/drive/folders/1-_bl6RYzzy6dlBr8mXHZQKY5DyoPiTGT\nQbzn\nעונה 2\nhttps://drive.google.com/drive/folders/115Gr8EXT1vHV6uxmQWzFW331nYuzdA9u\nQbzn\nעונה 3\nhttps://drive.google.com/drive/folders/1-08ukEQeaqPb_BhvsbjTbvBwxdZnblsY\n\nעונה 4\n*הועלה ע''י ג'ון סמית*\nhttps://drive.google.com/drive/folders/1GeoqqlLqB0H3nPeJsavU-6hMLh2CbExG\nעונה 5\n*הועלה ע""י ג'ון סמית*\nhttps://drive.google.com/drive/folders/1qlGYovbpwL_iMLTPuFePblIkY8o6rSjB\n🎗️זה מה שיש כרגע.🎗️",single,,,g,,,,,0,,,,,,,,seconds,0,0,,,,,,,,,,,,,330,0
הקיץ שבו הפכתי ליפה,none,"🎬 הקיץ שבו הפכתי ליפה\n🎭 ז’אנר: דרמה, רומנטיקה\n📅 שנת יציאה: 2022\n\n📝 תקציר: בלי חוזרת בכל קיץ לבית הנופש של משפחתה, אבל השנה הכל שונה – היא מוצאת את עצמה במרכז משולש אהבה בין שני אחים, קונרד וג’רמיה. תוך כדי שהיא מנסה להבין את רגשותיה, היא מגלה סודות משפחתיים שמשנים את חייה. האם זה הקיץ שבו הכל ישתנה? ☀️❤️\n\n🔗 קישור לדרייב:\n*עונה 1*\nhttps://drive.google.com/drive/folders/1JPQ3DHTQ2F3uU5IJ2JEFMBCt3deXik_z\n\n*עונה 2*\nhttps://drive.google.com/drive/folders/1IRgOFVHlQOV0QiEELSOGwn96mkfbRbp5\n\n*עונה 3 ~ Qbzn • DriveFlix*\nhttps://drive.google.com/drive/folders/1UMXtCXTizF44GJ2uKJjeyNYJjeuRmVrV",single,,,g,,,,,0,,,,,,,,seconds,0,0,,,,,,,,,,,,,442,0
הקיץ של סאמר,none,"🎬 הקיץ של סאמר (Surviving Summer)\n🎭 ז'אנר: דרמת נעורים\n📅 שנת יציאה: 2022\n⏱ אורך פרק: כ ־ 26–30 דקות\n📺 מספר עונות: 2 (עונה 1 – 10 פרקים), (עונה 2 – 8 פרקים)\n\n*📝 תקציר:*\nסאמר טורז, נערה מרדנית מברוקלין, נשלחת לעיירת החוף שורהייבן באוסטרליה לאחר שסולקה מבית הספר.  שם היא מגלה את עולם הגלישה, מתחברת עם צעירים מקומיים ונקלעת למערכות יחסים מורכבות ולתחרויות סוערות.  הקיץ הזה ישנה את חייה לנצח.  🏄‍♀️🌊🇦🇺💔\n\n> *Qbzn*\n> *🔗 קישור לדרייב:*\n*עונה 1:*\nhttps://drive.google.com/drive/folders/1MECUb_aOkLy56YFUs20enVaXuByMf4ut\n\n*עונה 2:*\nhttps://drive.google.com/drive/folders/1u_6joPXPllIy9JjVoBme8aIqDrIoCABK",single,,,g,,,,,0,,,,,,,,seconds,0,0,,,,,,,,,,,,,318,0
הראש,none,"🎬 *⚔️הראש⚔️*\n🎭 ז'אנר: דרמת-מתח\n📅 שנת יציאה: 2025\n⏱ אורך פרק: כ-45 דקות\n\n\n📝 תקציר:\n איתמר מולכו, ראש השב""כ הצעיר ביותר בתולדות ישראל, נתקל בהדלפת מידע מסווג החושפת את סודות המדינה ומעמדו הרגיש. הסדרה חוקרת את המאבק שלו לשמירה על ביטחון המדינה, תוך התמודדות עם לחצים אישיים ומקצועיים.\n\n> *Qbzn*\n> 🔗 קישור לדרייב:\nhttps://drive.google.com/drive/folders/1dMxk4N86mIhTOCwwsf6AFhnDPoBI9kmz",single,,,g,,,,,0,,,,,,,,seconds,0,0,,,,,,,,,,,,,516,0
הרץ במבוך,none,"🎬 אוסף הרץ במבוך (The Maze Runner Trilogy)\n🎭 ז'אנר: מדע בדיוני • פעולה • דיסטופיה\n📅 שנות יציאה: 2014 • 2015 • 2018 \n⏱ אורכי הסרטים: ~113, ~130, ~142 דקות (משוערות)\n\n📝 תקציר (מאוחד):\nתומאס ועוד ילדים מצויים במבוך מסתורי ללא זיכרון. הם מנסים לברוח ולהציל את עצמם והאנושות מהווירוס שמאיים על העולם. בכל פרק המסע הופך מסוכן יותר, עם קרבות הישרדות, מסע בין ערים חרבות וחשיפת סודות אפלים. \n\n> Driveflix\n🔗 קישור לדרייב:\nhttps://drive.google.com/drive/folders/1HsBKNw3OTJGiXXB6JJbe_NmclMNG_22z",single,,,g,,,,,0,,,,,,,,seconds,0,0,,,,,,,,,,,,,179,0
הרשימה השחורה,none,"🎬 הרשימה השחורה\n🎭 ז’אנר: פשע, מתח, דרמה\n📅 שנת יציאה: 2013\n\n📖 תקציר: ריימונד “רד” רדינגטון, אחד הפושעים המבוקשים בעולם, מסגיר את עצמו ל-FBI ומציע לסייע בתפיסת פושעים מסוכנים מהרשימה השחורה שלו. התנאי היחיד: הוא יסכים לעבוד רק עם סוכנת צעירה בשם אליזבת’ קין, שקשורה לעברו בדרכים מסתוריות. 🕵️‍♂️🔫\n\n🔗 קישור לדרייב: https://drive.google.com/drive/folders/1__jtEVIDqFkYj-40tqLZq-8aHPJBiqlH\n\nפרק שחסר בעונה 7 פרק 7\nhttps://drive.google.com/file/d/108UKqZGXXz77RvCZcDvHd9sYyp8cQtRl/view?usp=drivesdk",single,,,g,,,,,0,,,,,,,,seconds,0,0,,,,,,,,,,,,,320,0
השוטר הטוב,none,"*השוטר הטוב | 3 עונות!*\n\nז'אנר: #קומדיה, #ישראלי.\n\n*♦️עונה 1 | (2015)♦️*\nפרקים: 1 - 15\nhttps://drive.google.com/drive/folders/12wK_c4AJ1F1wmvU1FBamVKIBDYkho2fk\n\n*♦️עונה 2 | (2017)♦️*\nפרקים: 1 - 15\nhttps://drive.google.com/folderview?id=1xoe3VUw8QRdcN8xS0zXEtOR0OZ2zQpW6\n\n*♦️עונה 3 | (2019)♦️*\nפרקים: 1 - 15\n\n👮🏼פרק 1👮🏼\nhttps://drive.google.com/file/d/1RuTvoYJSmoPxIwdk-HYRhmNwWtUzWbCF\n👮🏼פרק 2👮🏼\nhttps://drive.google.com/file/d/1ZC-0f9jFJ0nRK0aA4PCeKyHxs4Z-bZwp\n👮🏼פרק 3👮🏼\nhttps://drive.google.com/file/d/1MglfCHp5k-ZpA5YTcuRfra2DFlrIGgVP\n👮🏼פרק 4👮🏼\nhttps://drive.google.com/file/d/1vNZXoCKVPVSsx-_q5z6LhdULTXZ9osOT\n👮🏼פרק 5👮🏼\nhttps://drive.google.com/file/d/1BckxWOTCU8LlLdPVrCfRL1MQxpgP4uGK\n👮🏼פרק 6👮🏼\nhttps://drive.google.com/file/d/1-leXvCUnSU2kkb3DeYPJcyd4cTCHPR7V/view?usp=drivesdk\n👮🏼פרק 7👮🏼\nhttps://drive.google.com/file/d/130oP4TUE7CzQv-1koErGmfcB78HQAyU7/view?usp=drivesdk\n👮🏼פרק 8👮🏼\nhttps://drive.google.com/file/d/1d2f3IdOlE7ghfiKJi9gpG5XgQoVfE0Ix\n👮🏼פרק 9👮🏼\nhttps://drive.google.com/file/d/1Iv3-t7eHCn5TpOl49ax8wpx-6sRSfMYc/view?usp=drivesdk\n👮🏼פרק 10👮🏼\nhttps://drive.google.com/file/d/1KXvQNCxrokii4YfzK1E8agTSXhCOESKr/view?usp=drivesdk\n👮🏼פרק 11👮🏼\nhttps://drive.google.com/file/d/1LsS9VWjVj5y0mb5JQF4M7zpzxpUjKmJr/view?usp=drivesdk\n👮🏼פרק 12👮🏼\nhttps://drive.google.com/file/d/1aEb4sQ-SUBq18n5b2dcY4yWwxzjGe1gp\n👮🏼פרק 13👮🏼\nhttps://drive.google.com/file/d/1CimDvt601JCvAAeaR1drNNADFCqnN0gJ/view?usp=drivesdk\n👮🏼פרק 14👮🏼\nhttps://drive.google.com/file/d/15mwPCkIBZ8GEoXwHD8JvTNKrDY2z8Mco/view?usp=drivesdk\n👮🏼פרק 15👮🏼\nhttps://drive.google.com/file/d/1rqYJLVJ69Du7CBwb6eY0DC51QC_8SsmQ",single,,,g,,,,,0,,,,,,,,seconds,0,0,,,,,,,,,,,,,421,0
השוטרים,none,"🎬 השוטרים\n🎭 ז'אנר: דרמה, פעולה\n📅 שנת יציאה: 2023\n⏱ אורך פרק: 30 דקות\n\nתקציר:\nהסדרה עוקבת אחרי שוטרי סיור בתל אביב המתמודדים עם המשימות היומיומיות ברחובות העיר. כל פרק מעלה את ההתמודדויות האישיות והמקצועיות של השוטרים, שבין לבין, מתמודדים עם קשרים ביניהם, חיי העיר, ואתגרים של מצבים חוץ-רגילים.\n\n🔗 קישור לדרייב:\nפרק 1\nhttps://drive.google.com/file/d/1hcJUTIP-X0niLRob5n8eHOZndugEl4lu/view\n\nפרק 2\nhttps://drive.google.com/file/d/1ULpsZ5XWZipbfQm0SWgRETCqm56_ZMIg/view\n\nפרק 3\nhttps://drive.google.com/file/d/13EvRYOeXBk1YGGieFj3f1aRYMIgoK-vH/view\n\nפרק 4\nhttps://drive.google.com/file/d/14TapUcagJT5nSqmQLtqM_3Ni96COJF7k/view\n\nפרק 5\nhttps://drive.google.com/file/d/13eM5LW2vbdKzx2cIhL7q4ULcxSpk6w7Z/view\n\nפרק 6\nhttps://drive.google.com/file/d/1MYAH9FfEs9OaBwdws52d7UuiDWkI5L_g/view\n\nפרק 7\nhttps://drive.google.com/drive/folders/10jdmm543XVeOQKreBM9pUpGwaxW36U4-\n\nפרק 8 (אחרון לעונה)\nhttps://drive.google.com/file/d/1_Rb4la1hCvjxBI-hTeWH6XVxiXmwBk-_/view?usp=drivesdk\n\nעונה 2\nhttps://drive.google.com/drive/folders/10gDojUozFxrvbrpnz-0CTBL9gJfJfJEr",single,,,g,,,,,0,,,,,,,,seconds,0,0,,,,,,,,,,,,,207,0
השמיניה,none,"🎬 השמיניה\n🎭 ז’אנר: דרמה, הרפתקאות, מדע בדיוני\n📅 שנת יציאה: 2005\n\n📖 תקציר: שמונה ילדים מחוננים מגויסים בסתר על ידי סוכן ממשלתי כדי להשתתף בפרויקט סודי שמטרתו להציל את העולם. במהלך הסדרה הם מתמודדים עם משימות מסוכנות, יריבויות, תגליות מדעיות וקשרים אישיים מורכבים, כשהם נאלצים להסתיר את האמת אפילו ממשפחותיהם. 🧠🔬\n\n🔗 קישור לדרייב:\nעונה 1 Qbzn\nhttps://drive.google.com/drive/folders/13ZbMxH7u9d_2rpgTd2X4V1vOGw1o7zN0\n\nעונה 2 Qbzn\nhttps://drive.google.com/drive/folders/1-0yzCEmiWFsTTmeG0UV2GlZ3hPEcbPFz\n\nעונה 3 Qbzn\nhttps://drive.google.com/drive/folders/1-6kCRz3L8SIbOVIaQcRT4jwL4-tGWDbO\n\nעונה 4 Qbzn \nhttps://drive.google.com/drive/folders/11zreDFK9r1VL1HhET3_UOOzQ3UVBbttd\n\nעונה 5 Qbzn \nhttps://drive.google.com/drive/folders/1YC-jtbRGOVo21tO2FFpB1mt2K4wJD7pv",single,,,g,,,,,0,,,,,,,,seconds,0,0,,,,,,,,,,,,,300,0
וואן פיס,none,"🎬 וואן פיס\n🎭 ז'אנר: הרפתקאות, פנטזיה, פעולה\n📅 שנת יציאה: 1999 (עדיין משודרת)\n⏱ אורך פרק: כ-24 דקות\n\nתקציר: מונקי די. לופי, נער עם יכולת למתוח את גופו כמו גומי לאחר שאכל פרי שטן, יוצא למסע כדי למצוא את האוצר האגדי ""וואן פיס"" ולהפוך למלך הפיראטים. במהלך המסע, הוא מגייס צוות מגוון ומתמודד עם אויבים ואתגרים רבים.\n\nקישור לדרייב: https://drive.google.com/folderview?id=1w3G3x8gYFAi7LVhNrjTiP7-mtsZCvxDR",single,,,g,,,,,0,,,,,,,,seconds,0,0,,,,,,,,,,,,,86,0
וונסדי,none,"🎬 וונסדי (Wednesday)\n🎭 ז'אנר: קומדיית אימה, פנטזיה, מסתורין\n📅 שנת יציאה: 2022–2025\n⏱ אורך פרק: כ־45 דקות\n📺 זמין ב־: נטפליקס \n\n📝 תקציר:\nוונסדי אדמס, נערה חכמה, צינית ומעט ""מתה מבפנים"", נשלחת לבית הספר Nevermore Academy. שם היא מפתחת יכולות על־חושיות, חוקרת סדרת רציחות מסתוריות ומגלה סוד אפל הקשור להוריה.  הסדרה מציגה את מסעה של וונסדי בין חברויות, אויבויות וחשיפת האמת האפלה.  העונה השנייה יצאה ב־6 באוגוסט 2025, עם חלק שני מתוכנן ל־3 בספטמבר 2025. \n\n> Driveflix \n🔗 קישור לדרייב\n*עונה 1*\nhttps://drive.google.com/drive/folders/1-9EcMBTIaxYc6la96TS0_Oyj-5rzgD4e\n\n*עונה 2 ~ Qbzn • DriveFlix*\nhttps://drive.google.com/drive/folders/1U_Yp9AEbgGpYmTtIk5mVe1BWvKpgJJji",single,,,g,,,,,0,,,,,,,,seconds,0,0,,,,,,,,,,,,,896,0
זאב צעיר,none,"🎬 זאב צעיר\n🎭 ז'אנר: דרמה, מתח\n📅 שנת יציאה: 2020\n⏱ אורך פרק: 50 דקות\n\nתקציר:\nהסדרה עוקבת אחרי גיבור שמגייס את כישוריו כדי להילחם בעוולות ובפשעים, כל זאת תוך כדי שהוא מתמודד עם אתגרים אישיים ורגשיים. הסדרה מלאת מתח, פעולה ועימותים, ובוחנת את מאבקי החיים בעיר הגדולה. 🦊⚖️\n\n🔗 קישור לדרייב: https://drive.google.com/drive/folders/1AjOJhtZzwg_cHoJrwN7sjjT6vxX2Fm-F",single,,,g,,,,,0,,,,,,,,seconds,0,0,,,,,,,,,,,,,35,0
זגורי אימפריה,none,"🎬 זגורי אימפריה\n🎭 ז'אנר: דרמה, קומדיה\n📅 שנת יציאה: 2014-2015\n⏱ אורך פרק: כ-40 דקות\n\nתקציר:\nבעקבות קללה מסתורית, אביאל זגורי, חייל קרבי שמאס במשפחתו, נאלץ לחזור לבית הוריו בבאר שבע. שם הוא נקלע למאבקי כוח, דרמות משפחתיות וחוויות מצחיקות ומרגשות כאחד. סדרה ישראלית מפתיעה וממכרת עם דמויות צבעוניות ועלילה בלתי נשכחת! 🔥🇮🇱\n\n🔗 קישור לדרייב:\nעונה 1 https://drive.google.com/drive/folders/1JFrEGzrZeA_MVdmmEuxrNdSxOMSeDOrZ\n\nעונה 2\nhttps://drive.google.com/drive/folders/1a1cZh-ZZrmV7ja_2uL2M1-Kmzy8nnlR9\n\n*קישור לקבוצת זגורי אימפריה עונה 3️⃣⚕️:👇🏼*\nhttps://chat.whatsapp.com/BWJAoStMShrJU9Lc8FqDOP?mode=gi_t",single,,,g,,,,,0,,,,,,,,seconds,0,0,,,,,,,,,,,,,63,0
זיגי,none,"🎬 זיגי\n🎭 ז'אנר: דרמת נעורים\n📅 שנת יציאה: 2020\n⏱ אורך פרק: 20–26 דקות\n\n*📝 תקציר:*\nדורי, נער בן 17 החולם להיות זמר, מתמודד עם מחלת הוויטיליגו שגורמת לו להסתיר את זהותו.  בכפר חדש, הוא יוצר דמות סודית בשם ""זיגי"" והופך לכוכב.  הסדרה עוקבת אחר מסעו של דורי בהתמודדות עם קבלת העצמי, חברות ואהבה.  🎤🎭🎭\n\n> *Qbzn*\n> *🔗 קישור לדרייב:*\n*עונה 1*\nhttps://drive.google.com/drive/folders/1zWdIQnSbn2E2BSR1D6fabghethmZLPl6\n\n*עונה 2*\nhttps://drive.google.com/drive/folders/1hBiykmymjBSOhTpCnEahYXD-LsDoYqyl\n*עונה 3*\nhttps://drive.google.com/drive/folders/1SlbppX0JYN4OLTxE-4NFviRqAB3CEj57\n*עונה 4*\nhttps://drive.google.com/drive/folders/1S5LZ2aEw2JGaFSMc66ErpSjfEcNbUJiC\n\n*עונה 5*\nhttps://drive.google.com/drive/folders/1JQWyzfnIRLCemENsm61B03ijLjiG8tLy\n*המשך לעונה 5*\nhttps://drive.google.com/drive/folders/1eQdZI8JZo6CSAmHYa-oXbUYUDuhm96g5",single,,,g,,,,,0,,,,,,,,seconds,0,0,,,,,,,,,,,,,452,0
חברות,none,"🎬 חברות\n🎭 ז'אנר: קומדיה\n📅 שנת יציאה: 2012\n⏱ אורך פרק: כ-25 דקות\n\n""תקציר: סדרה קומית ישראלית העוקבת אחר חייהן של שלוש חברות טובות – דנה, שירי וקרן – כשהן מנסות לנווט בין קריירה, אהבה וחיי היום-יום. עם רגעים משעשעים, דינמיקות יחסים ואירועים בלתי צפויים, הן מגלות שהחברות ביניהן היא הדבר החשוב ביותר."" 😊💖\n\n🔗 קישור לדרייב:\nעונה 1\nhttps://drive.google.com/folderview?id=1CTgmdWKa9MwF-xqWdJiiN_Uu6R-fKAp0\n\nעונה 2\nhttps://drive.google.com/folderview?id=1NaN13d33Uwjv3o6Fw0roVy3WFhjYiY5s\n\nעונה 3\nhttps://drive.google.com/folderview?id=1t0snrElJYxaNVcd2-xKFI8D14qKek_D5\n\nעונה 4\nhttps://drive.google.com/folderview?id=1vgkV9wOoD0xsfW6Gz8XBNl7eoXTKzzZi",single,,,g,,,,,0,,,,,,,,seconds,0,0,,,,,,,,,,,,,154,0
חברים,none,"🎬 חברים\n🎭 ז'אנר: קומדיה, רומנטיקה\n📅 שנת יציאה: 1994\n⏱ אורך פרק: כ-22 דקות\n\n""תקציר: הסדרה עוקבת אחרי קבוצת חברים שחיים בעיר ניו יורק, ומתמודדים עם החיים, אהבה, עבודה, ועוד, כשהם תמיד עומדים אחד לצד השני במצבים מצחיקים ודרמטיים."" 😂❤️\n\n🔗 קישור לדרייב: \nעונה 1 ↙️\nhttps://drive.google.com/open?id=1LMJHPeVAB3UJQK7hryo86EyGjGWVUy4B\n\nעונה 2 ↙️\nhttps://drive.google.com/open?id=1yY7wK0SnWbkI2yR3VO2u3qYjzj-JmK0f\n\nעונה 3 ↙️\nhttps://drive.google.com/open?id=1YOfVDq8ZBhGjumycMSpFmvuoWE2k3iL0\n\nעונה 4 ↙️\nhttps://drive.google.com/open?id=1-3jeMxwfQ5Dzwix3wszEWYBzk67vji8B\n\nעונה 5 ↙️\nhttps://drive.google.com/open?id=1r_3TgbY7bBQwzfV1hWd3srF5zYvo_saL\n\nעונה 6 ↙️\nhttps://drive.google.com/open?id=1qWnHxlZZ3rt-q7yIT8ovbdDZRKd6zygC\n\nעונה 7 ↙️\nhttps://drive.google.com/open?id=1T7dVcha99VtS7_BHfVBS5lqH48Cyt5sQ\n\nעונה 8 ↙️\nhttps://drive.google.com/open?id=1yap9VpsvuqEkTQOAh3m2Bpmv87XCPSEo\n\nעונה 9 ↙️\nhttps://drive.google.com/open?id=1KAucRxlGUbT7BGDCUqHIlrFui9MS37KQ\n\nעונה 10 ↙️\nhttps://drive.google.com/open?id=1sp3DvItWcllLHmWnHsiThanqyNKBThvF",single,,,g,,,,,0,,,,,,,,seconds,0,0,,,,,,,,,,,,,166,0
חברים בחווה,none,"🎬 חברים בחווה\n🎭 ז’אנר: אנימציה, קומדיה, משפחה\n📅 שנת יציאה: 2006\n\n📖 תקציר: בחווה שקטה, אוטיס הפר הקופצני נהנה מהחיים ומשתעשע עם חבריו, עד שהוא נאלץ לקחת אחריות ולהגן על החווה מפני סכנות. עם דמויות מצחיקות והרפתקאות בלתי נשכחות, הסרט מביא סיפור מלא הומור ולב. 🐮🎉\n\n🔗 קישור לדרייב: \nעונה 1\nhttps://drive.google.com/drive/folders/1vShJ1CMS5BeZA7m4RfwJ79jh8yTsmHZ0",single,,,g,,,,,0,,,,,,,,seconds,0,0,,,,,,,,,,,,,367,0
חוליגנים,none,"🎬 חוליגנים\n🎭 ז'אנר: דרמת מתח\n📅 שנת יציאה: 2025\n⏱ אורך פרק: כ-36–44 דקות (סה""כ 8 פרקים)\n\n*📝 תקציר:*\nמני אזולאי, צעיר ירושלמי אלים ובודד, מוצא את עצמו מעורב בעולם האלים של ארגון אוהדים קיצוני בשם ""שומרי החומות"".  כאשר הוא מציל את עובד חממי, ראש הארגון, המשטרה מפעילה אותו כשתול.  במהלך הזמן, מני מוצא תחושת שייכות ומשפחה במקום שלא ציפה לה.  הסדרה מציגה את המאבק הפנימי של מני בין נאמנות לארגון לבין מוסר אישי.⚽🔪🤝\n\n> *Qbzn*\n> *🔗 קישור לדרייב:*\nhttps://drive.google.com/drive/folders/1-001Ik_2XtmBqZN2-7IFnk4A91ZHblPM",single,,,g,,,,,0,,,,,,,,seconds,0,0,,,,,,,,,,,,,797,0
חופים של סודות,none,"🎬 חופים של סודות\n🎭 ז'אנר: הרפתקה, דרמה, מסתורין\n📅 שנת יציאה: 2020\n\n📝תקציר:\nהסדרה עוקבת אחרי קבוצת נערים באזור החופים של קרוליינה הצפונית, שמוצאים את עצמם מעורבים במרדף אחרי אוצר אבוד. המאבק הזה חושף סודות משפחתיים, קשרים רומנטיים ומאבקים בין עשירים לעניים, כשהם נאלצים להתמודד עם סכנות רבות. סדרה מלאה במתח, הרפתקאות ודרמות משפחתיות.\n\n\n> *Driveflix*\n🔗 קישור לדרייב:\n*עונה 1 ~ Qbzn*\nhttps://drive.google.com/drive/folders/198su4WU9h3KJqIgcFXXd7RazhMReDN6V\n\n*עונה 2 ~ Qbzn*\nhttps://drive.google.com/drive/folders/1YACdwDtaDme9rFlG4HRVDkWjqGMsJiz1\n\n*עונה 3 ~ Qbzn*\nhttps://drive.google.com/drive/folders/1A2-We0nSCYS1ZJ4zqDs-WuSZa7lEkv3p\n\n*עונה 4 ~ Qbzn*\nhttps://drive.google.com/drive/folders/13EjPX57dMazAmYonYtQzM8WJtZmjBHyC",single,,,g,,,,,0,,,,,,,,seconds,0,0,,,,,,,,,,,,,76,0
חיי עם משפחת וולטר,none,"🎬 חיי עם משפחת וולטר (My Life with the Walter Boys)\n🎭 ז'אנר: דרמה • רומנטיקה • נעורים \n📅 שנת יציאה: 2023 \n⏱ אורך פרק: כ־38–56 דקות \n⭐ דירוג: 54% Tomatometer (ביקורות) / 60% PopcornMeter (קהל) \n\n📝 תקציר:\nג’קי הווארד (15) מתייתמת לאחר תאונת דרכים קטלנית שבה איבדה את הוריה ואחותה. היא נשלחת לגור עם משפחת וולטר הרבים בקולורדו — כאשר עשרה בנים גברים מתחילים לנהל חייה סלולים עם רגשות, מתחים ומשברים. תוך כדי הדרכת רגשות, זהות חדשה ותחרות בין שני אחים (קול ואלכס) על לב ג’קי — הסדרה עוקבת אחרי המסע שלה למצוא מקום חדש בעולם סוער של אהבה ואובדן. \n\n> Driveflix\n🔗 קישור לדרייב:\n> *Qbzn*\n*עונה 1*\nhttps://drive.google.com/drive/folders/1YvP8Dg6vv_hxbWxx_1op8oJ8t5zSzHT_\n\n> *Qbzn*\n*עונה 2*\nhttps://drive.google.com/drive/folders/13qV12SmETgWJ2qjma6LeUCdv919gID_r",single,,,g,,,,,0,,,,,,,,seconds,0,0,,,,,,,,,,,,,1028,0
חסרי בושה,none,"🎬 חסרי בושה\n🎭 ז’אנר: דרמה, קומדיה\n📅 שנת יציאה: 2011\n\n📖 תקציר: משפחת גלאגר הלא-מתפקדת מתמודדת עם חיי היום-יום בשיקגו, כשאב המשפחה האלכוהוליסט מותיר את ילדיו לשרוד בעצמם. הבת הבכורה פיונה לוקחת אחריות על אחיה, וביחד הם מתמודדים עם קשיים, אהבה והמון כאוס. 🍻🏠\n\n🔗 קישור לדרייב: \nחסרי בושה עונה 1 ↙️\nhttps://drive.google.com/folderview?id=12yquYKM8H-tY8mXc1ohj7qjuqoYTU7cd\n\nעונה 1 פרק 2 ↙️\nhttps://drive.google.com/file/d/1jxlA07CNMTKwo2AJc8ghOgPprF2H_5fF/view\n\nעונה 1 פרק 3 ↙️\nhttps://drive.google.com/file/d/1Mhk2Zq7BvZv1zPsMBBhfAtY4WcDjhFLm/view\n\nחסרי בושה עונה 2 ↙️\nhttps://drive.google.com/folderview?id=1XGG8ITDO5TPZZFxthSprKiLUnbL2LbbA\n\nחסרי בושה עונה 3 ↙️\nhttps://drive.google.com/folderview?id=1ZbyHZizJB1f9BVj90yXSZqoA5S4PzhUA\n\nחסרי בושה עונה 4 ↙️\nhttps://drive.google.com/folderview?id=1N_hoEoGAMMIwSJx7VvgjsO3tyVCYACBv\n\nחסרי בושה עונה 5 ↙️\nhttps://drive.google.com/folderview?id=1mPpQfTxzDX4OOj6jPdSukDNUH8TZRmjv\n\nחסרי בושה עונה 6 ↙️\nhttps://drive.google.com/folderview?id=1J7jT0Cb3cXkIYeCVhq1QCm6b5JTJp7Kx\n\nחסרי בושה עונה 7 ↙️\nhttps://drive.google.com/folderview?id=17TZC2cWD6eKbmRvOaWkgZHOOJwfyJYps",single,,,g,,,,,0,,,,,,,,seconds,0,0,,,,,,,,,,,,,352,0
טהרן,none,"🎬 טהרן\n🎭 ז'אנר: דרמה, מתח, ריגול\n📅 שנת יציאה: 2020\n⏱ אורך פרק: 45 דקות\n\nתקציר:\nהסדרה עוקבת אחרי סוכנת מוסד צעירה, המוצאת את עצמה לכודה בטהרן לאחר שהמשימה שלה משתבשת. היא חייבת לנווט בין אויבים, סודות ואיומים, ולנסות להימלט ממצבים מסוכנים תוך כדי שהיא מנסה לחשוף את האמת. 🕵️‍♀️🌍\n\n🔗 קישור לדרייב:\nעונה 1-2\n https://drive.google.com/drive/folders/1EDEWirmOj-Kmn1glbSEIC757AxlqklNy\n\nעונה 3\nhttps://drive.google.com/drive/folders/1R4WVCYwIruGuWSGBOaY0Mf83zN7Llosi",single,,,g,,,,,0,,,,,,,,seconds,0,0,,,,,,,,,,,,,32,0
יאפא,none,"🎬 יאפא\n🎭 ז’אנר: דרמת מתח, פשע, חברתית\n📅 שנת שידור: 2025\n📺 עונות: 1\n🎞 פרקים: 8\n⏱ אורך פרק: כ-45–55 דקות\n\n📝 תקציר:\nאירוע הירי ביפו, שבו נערה יהודייה נפצעת קשה, סוחף אחריו חקירה מורכבת ששוטר קהילתי בשם אמיר מוביל.\nככל שהחקירה מתגלגלת, הוא נאלץ להתמודד עם סכסוכי פשע משפחתיים, מתחים בין ערבים ליהודים וחיי קהילה תוססים בעיר המעורבת.\n\n> *DriveFlix*\n🔗 קישור לדרייב:\nhttps://drive.google.com/drive/folders/13rErDP1Iklx-wTMOtaD4r51DnArkuC8x",single,,,g,,,,,0,,,,,,,,seconds,0,0,,,,,,,,,,,,,1088,0
יומני הערפד,none,"️🎬 יומני הערפד\n🎭 ז'אנר: דרמה, אימה, פנטזיה\n📅 שנת יציאה: 2009-2017\n⏱ אורך פרק: כ-42 דקות\n\nתקציר:\nכאשר אלנה גילברט, נערה מתבגרת בעיירה מיסטיק פולס, פוגשת את סטפן סלבטור המסתורי, היא נשאבת לעולם מלא בערפדים, סכנות ואהבה אסורה. העניינים מסתבכים כאשר אחיו הכריזמטי של סטפן, דיימון, נכנס לתמונה, ויחד השלושה נקלעים למשולש אהבה קטלני. סדרה מלאת מסתורין, דרמה ואקשן על טבעי. 🧛‍♂️🔥\n\n⬇️ יומני הערפד 8 עונות ⬇️\nעונה 1 ↙️\nhttps://drive.google.com/folderview?id=1-0Ht1_NqmociXui5DfUaa5dzehki7Aiw\nעונה 2 ↙️\nhttps://drive.google.com/folderview?id=1--EbNCTHT1-JdTVxUORhKVNpqNp-aTpp\nעונה 3 ↙️\nhttps://drive.google.com/folderview?id=1PWnQIa8qJcsUMfhcHNDesBkhAWWxIUaD\nעונה 4 ↙️\nhttps://drive.google.com/folderview?id=1-2CSn3wOALEFvmTygp3fz7ySTt37kuia\nעונה 5 ↙️\nhttps://drive.google.com/folderview?id=1-7NY2G18gvCdJ8OQkjU5N9MyO6uz2TGx\nעונה 6 ↙️\nhttps://drive.google.com/folderview?id=1_ct83UnWXIuisXW6m_CaQCEYK2NjTt3A\nעונה 7 ↙️\nhttps://drive.google.com/folderview?id=1-1p8iP0AU73XtYqMB5vk9FDwEMEK71De\nעונה 8 ↙️\nhttps://drive.google.com/folderview?id=1-2DzQ-Kb2kEQYXBwQPatRtTBbWSEVZn4",single,,,g,,,,,0,,,,,,,,seconds,0,0,,,,,,,,,,,,,62,0
יופי מסוכן,none,"🎬 יופי מסוכן\n🎭 ז’אנר: אימה, סאטירה\n📅 שנת יציאה: 2024\n\n📖 תקציר: אליזבת ‘ליזי’ ספרקל (דמי מור), כוכבת טלוויזיה ותיקה, מוצאת את עצמה נדחקת הצידה לטובת כוכבת צעירה (מרגרט קוואלי). בניסיון נואש לשמר את מעמדה ויופייה, ליזי עוברת תהליך ניסיוני שמוביל לתוצאות בלתי צפויות ומבעיתות. הסרט בוחן את אובססיית החברה לנעורים ולשלמות חיצונית, ומשלב אלמנטים של אימה וסאטירה חברתית.  ￼\n\n🔗 קישור לדרייב: https://drive.google.com/file/d/1APIqy2lYfbMEdTRWhFd2rE8SUnARxFGc/view?usp=drivesdk",single,,,g,,,,,0,,,,,,,,seconds,0,0,,,,,,,,,,,,,372,0
יחידת המתאבדים 2,none,"🎬 יחידת המתאבדים 2\n🎭 ז'אנר: פשע, פעולה\n📅 שנת יציאה: 2021\n⏱ אורך פרק: 132 דקות\n\nתקציר:\nהסרט עוקב אחרי צוות נבלי על שנבחר למשימה מסוכנת במיוחד. הם נשלחים למשימת חילוץ במטרה להשמיד את מאורתו של מדען מטורף. במהלך המשימה, הם נתקלים באויבים בלתי צפויים ותהפוכות מסוכנות. 💥😱\n\n🔗 קישור לדרייב: https://drive.google.com/file/d/1dFgDvzHSxHDiU9cyr-o240GPCQmTnw8z/view?usp=drivesdk",single,,,g,,,,,0,,,,,,,,seconds,0,0,,,,,,,,,,,,,130,0
ילד רע,none,"🎬 ילד רע\n🎭 ז’אנר: דרמה\n📅 שנת יציאה: 2024\n\n📖 תקציר: דין, נער בן 13 עם הפרעת קשב ואלוף שחמט, מוצא את עצמו בכלא לנוער. העלילה נעה בין עברו כאסיר צעיר להווה שבו הוא קומיקאי מצליח, הנאבק בזיכרונותיו הקשים ובסודות מעברו. סדרה עוצמתית המבוססת על סיפור חייו של הסטנדאפיסט דניאל חן. 🎭🔒\n\n🔗 קישור לדרייב:\nפרק 1\nhttps://drive.google.com/uc?id=1E7Elvtg5cBIHz_O1Qg6LtCX-irG4IIfE&export=download\n\nפרק 2\nhttps://drive.google.com/file/d/12EKFWAfsckMsB8wdADHwgW68v2pHeCCL/view\n\nפרק 3\nhttps://drive.google.com/file/d/1xxt7Ua-zXGpmWkyaiMkofr74TvqW8xMt/view\n\nפרק 4\nhttps://drive.google.com/file/d/1S9goZI2pQgME3DomrP0aO_nfE-NEhE53/view\n\nפרק 5\nhttps://drive.google.com/file/d/1mpDo1w7F_5XKXyna2dHzHOzlhyCZxAPH/view?usp=drivesdk\n\nפרק 6\nhttps://drive.google.com/file/d/1pPngP-iO0SeLV3VHZpQd5_hI7hRd7jre/view\n\nפרק 7\nhttps://drive.google.com/file/d/1Mfp5XpR9gN80X2hJtx0Rv9g-BSAXuHa5/view?usp=drivesdk\n\nפרק 8 - אחרון לעונה\nhttps://drive.google.com/file/d/1jLIlECUy8uz92wPiantHl0I8URQVhw05/view",single,,,g,,,,,0,,,,,,,,seconds,0,0,,,,,,,,,,,,,294,0
ילדות סכסכניות,none,"🎬 ילדות סכסכניות\n🎭 ז'אנר: דרמה קומית\n📅 שנת יציאה: 2021\n⏱ אורך פרק: כ-30 דקות\n\n\n📝 תקציר: \nהסדרה עוקבת אחרי ליהי (מיה לנדסמן), סטודנטית לסבית לרפואה בת 24, העובדת ברדיו ומפנטזת על המנהלת שלה, ענבר (טלי שרון). לאחר שבת דודתה מבריזה ברגע האחרון, ליהי פוגשת את לאה (עינת הולנד), חרדית לשעבר וסטודנטית לעיצוב אופנה. השתיים עוברות לגור יחד בדירת שותפים בתל אביב, ומגלות שהן שונות מאוד זו מזו, אך השותפות ביניהן הופכת לדבר המשמעותי ביותר בחייהן. \n\n> *Qbzn*\n\n> 🔗 קישור לדרייב: \nhttps://drive.google.com/drive/folders/1ChL-K3SbiD8x_QVDj2xjX7MbIRte5KAv",single,,,g,,,,,0,,,,,,,,seconds,0,0,,,,,,,,,,,,,532,0
כוכב הקופים,none,"🎬 כוכב הקופים\n🎭 ז'אנר: מדע בדיוני, פעולה\n📅 שנת יציאה: 1968\n⏱ אורך פרק: 1:52\n\nתקציר:\nאסטרונאוטים נוחתים על כוכב לכת שבו קופים שולים את בני האדם ויוצרים חברה מפותחת. אחד מהם מנסה לגלות את הסוד שמאחורי מציאות זו ולהחזיר את העולם למצבו הקודם. 🐒🌍\n\n🔗 קישור לדרייב:\n\nכוכב הקופים 1\nhttps://drive.google.com/file/d/1wTVvxZwpm-JAw66P2tVys47wARidCNRX/view\n\nכוכב הקופים 2\nhttps://drive.google.com/file/d/1NI-LQ8JW97z4ZBmMpEQAKnHUE0awFTeB/view\n\nכוכב הקופים 3\nhttps://drive.google.com/file/d/18gK6z6NNn-FTmlSom7RnTksnnhcXjQNB/view\n\nכוכב הקופים 4\nhttps://drive.google.com/file/d/1Wx7SfEekUN0fzbOM8R0aw4zsLrvYX3jI/view\n\nכוכב הקופים 5\nhttps://drive.google.com/file/d/16a7Z4N_h5Uq4-0RJ17FpEgvakQ-9FYsR/view\n\nכוכב הקופים 6\nhttps://drive.google.com/file/d/1NP_eexkviaf37ZbJ4Bsoauh2AEhLu77a/view\n\nכוכב הקופים 7\nhttps://drive.google.com/file/d/1XeRKvkKcm-Qp3qmUuNrx2a7eQaUzDTkh/view\n\nכוכב הקופים 8\nhttps://drive.google.com/file/d/1h1vEdXvM54-7vqVBAT7g84oHnwpXvjBm/view\n\nכוכב הקופים 9\nhttps://drive.google.com/file/d/1AClVZSUV6NWPJsD_1Fz8KcWolFGO21Iy/view\n\nכוכב הקופים 10\nhttps://drive.google.com/file/d/1q40FGjiubQdptBoEGgk9gtb2WpMjM8X5/view",single,,,g,,,,,0,,,,,,,,seconds,0,0,,,,,,,,,,,,,182,0
כולנו מתים,none,"🎬 כולנו מתים (All of Us Are Dead, 2022)\n🎭 ז'אנר: אימה, דרמה, פעולה\n📅 שנת יציאה: 2022\n⏱ אורך: עונה 1 – 12 פרקים (כ־60 דקות לפרק)\n\n📝תקציר:\nסדרת זומבים קוריאנית עוצרת נשימה על קבוצת תלמידי תיכון שנלכדים בבית הספר לאחר שנגיף מסתורי הופך את חבריהם למפלצות רעבות. הם נאלצים להילחם על חייהם, למצוא דרך לשרוד ולשמור על האנושיות בתוך כאוס מדמם.\n\n> Driveflix\n🔗 קישור לדרייב:\nhttps://drive.google.com/drive/folders/1BJmXdmq7YOsk_vCdJspGw7aGnBJfYENz",single,,,g,,,,,0,,,,,,,,seconds,0,0,,,,,,,,,,,,,337,0
כיפת ברזל,none,"🎬 כיפת ברזל\n🎭 ז'אנר: דרמה\n📅 שנת יציאה: 2017\n⏱ אורך הפרק: כ-45 דקות\n\n> *📝 תקציר:*\nהסדרה עוקבת אחר חיילים חרדים המשרתים בפלוגה קרבית בצה""ל, ומתמודדים עם אתגרים אישיים ומשפחתיים תוך שמירה על אורח חייהם הדתי.\n\n> *Qbzn*\n> 🔗 קישור לדרייב:\n> *עונה 1*\nhttps://drive.google.com/drive/folders/1eQ2K40yWPH7ScCDTuV05xoCmSm7SISGD\n\n> *Qbzn*\n> *עונה 2*\nhttps://drive.google.com/drive/folders/1G7KwMP4zyxlllpG1UnwrPwiU0GOmmFwr",single,,,g,,,,,0,,,,,,,,seconds,0,0,,,,,,,,,,,,,535,0
כנופיית ברמינגהם,none,"🎬 כנופיית ברמינגהם\n🎭 ז'אנר: דרמה, פשע\n📅 שנת יציאה: 2013\n⏱ אורך פרק: 55–60 דק'\n\nתקציר:\nהסדרה מתרחשת בברמינגהם של שנות ה-20 המוקדמות, ומבוססת על אירועים ודמויות מדפי ההיסטוריה. תומאס שלבי ומשפחתו רבת הנפשות מנהלים את הכנופיה הכוחנית והמאיימת ביותר ברחובות הסוערים של ברמינגהם, שעושה את כספה מהימורים לא חוקיים ופעילות בשוק השחור. טומי הוא הבוס האכזרי שלהם, אך השאיפות שלו גדולות יותר מכפי שנדמה, וכשארגז רובים נעלם ממפעל נשק ומוצא את דרכו לרחובות ברמינגהם, הוא מזהה הזדמנות לשדרוג בעולם הפשע.\n\n> *Qbzn • DriveFlix*\n\n🔗 קישור לדרייב:\nhttps://drive.google.com/drive/folders/1pd2-lZJ7peIlVPuke7M3SBD8qBYhvKm9",single,,,g,,,,,0,,,,,,,,seconds,0,0,,,,,,,,,,,,,96,0
כפולה,none,"🎬 כפולה\n🎭 ז'אנר: דרמה, פעולה\n📅 שנת יציאה: 2020\n⏱ אורך פרק: 45 דקות\n\nתקציר:\nהסדרה עוקבת אחרי דמותה של מיה, נערה שנקלעת לאירועים מסוכנים כאשר היא מגלה שהיא לא מי שהיא חשבה שהיא. היא מנסה להתמודד עם האתגרים החדשים ולגלות את האמת על העבר שלה. 🎭🔍\n\n🔗 קישור לדרייב:\n️כפולה עונה 1 ↙️\nhttps://drive.google.com/folderview?id=17fNyA1kM2b14HT4wPwlbLHONNZhVQd3e\n\nכפולה עונה 2 ↙️\nhttps://drive.google.com/folderview?id=1-AHUfHZhalYbjmzZ4leEzOEpZ47UD5zm\n\nכפולה עונה 3 ↙️\nhttps://drive.google.com/folderview?id=1-KTy3QoJWPzyw6w59BhywtADlfGikfG1\n\nכפולה עונה 4 ↙️\nhttps://drive.google.com/drive/folders/1zJGuqG5l6uxll00FIM4bSe2khR7chsax\n\nכפולה עונה 5 \nפרק 1↙\nhttps://drive.google.com/file/d/1poRNXCC58_XrsGgjmIBjXGf3Nc_Zn-Fs/view \nפרק 2↙\nhttps://drive.google.com/file/d/1JDJ6s6awzNq0rHxFgEdd2f62yhYj2-wz/view \nפרק 3↙\nhttps://drive.google.com/file/d/1FRHXMOSRUb5GX_epOS5XnGExR2uZ-mfY/view \nפרק 4↙\nhttps://drive.google.com/file/d/100VozV9pvZ1qPflRud5EiYql_sXqWuoR/view\nפרק 5↙\nhttps://drive.google.com/file/d/1YoUQNCsS35VURcFU0jWj5K4RYGyKsF1I/view\nפרק 6↙\nhttps://drive.google.com/file/d/1c_voaPYXV2qZa1y0y9YwK5y0VHOgYgZ0/vie \nפרק 7↙\nhttps://drive.google.com/file/d/19UXcJMiT1qBDENImh0V1bzGmI_2BLTzS/view \nפרק 8↙ \nhttps://drive.google.com/file/d/1WVkp3heWKb5ubKLDtlDRyqEDfbjxovX-/view \nפרק 9↙\nhttps://drive.google.com/file/d/1MZug6N_DNHDtVqpnl12FY15vHu8PJpF_/view \nפרק 10↙\nhttps://drive.google.com/file/d/1mwgbunUAkujrrJNjNUQabDriEfcSUv22/view \nפרק 11↙\nhttps://drive.google.com/file/d/1btZAmWl65jC1-4wytwGswNJrMR909uw1/view \nפרק 12↙\nhttps://drive.google.com/file/d/10O7a8-yafXHcZ2Gfv8Xi0-UpjJKL_cRB/view \nפרק 13↙\nhttps://drive.google.com/file/d/1Qh5GsHToqe0VPYSD_EOxDFKj6mVXeAQO/view \nפרק 14↙\nhttps://drive.google.com/file/d/1MJvw105WzMP-sjJUq_BMLuhqJSHNnIHB/view \nפרק 15↙\nhttps://drive.google.com/file/d/1NO12vJMrIsV5R3QfUUNpvta0f6C57H3z/view \nפרק 16↙\nhttps://drive.google.com/file/d/1VFMyW7WDRXhT1tnJIgciFD2WdWW93-eg/view \nפרק 17↙\nhttps://drive.google.com/file/d/1N3AUBcv77_WHzsXRE4BMpqMnDsqrOyWj/view \nפרק 18↙\nhttps://drive.google.com/file/d/1QVQefPdWdskSwO727EmfNJi1Smx7KLGs/view \nפרק 19↙\nhttps://drive.google.com/file/d/101-VkhAPecj-XL-teHwyuw-rVOPox4N8/view \nפרק 20↙\nhttps://drive.google.com/file/d/1ivFA_c5IZ1gHHcKAJDLRAYGmkJKyTRGM/view \nפרק 21↙\nhttps://drive.google.com/file/d/103LRripRpK-IUKO0xWBZbEpP2Ox8o3sT/view",single,,,g,,,,,0,,,,,,,,seconds,0,0,,,,,,,,,,,,,136,0
כפולים,none,"🎬 כפולים\n🎭 ז’אנר: מתח, דרמה\n📅 שנת יציאה: 2015\n\n📖 תקציר: סדרת מתח ישראלית העוקבת אחר חמישה אזרחים ישראלים שנקלעים לפרשיית ריגול בינלאומית כאשר תמונותיהם מופצות בכלי התקשורת והם מואשמים בחטיפתו של שר ההגנה האיראני במוסקבה. חייהם מתהפכים כשהם מנסים להוכיח את חפותם ולהבין מי הפליל אותם, בזמן שסוכנויות ביון בינלאומיות נכנסות למרדף אחריהם. 🔥🔎\n\n🔗 קישור לדרייב:\nרק עונה 2 עובדת כרגע https://drive.google.com/drive/folders/19BIih2dh5Wz4-KfDKKKuNnEAF_jAHjK2?usp=drive_link",single,,,g,,,,,0,,,,,,,,seconds,0,0,,,,,,,,,,,,,307,0
כראמל,none,"🎬 כראמל\n🎭 ז’אנר: הרפתקאות, פנטזיה, משפחה\n📅 שנת יציאה: 2023\n⏱ אורך פרק: כ-30 דקות\n\n🐱 סדרה המבוססת על סדרת הספרים האהובה של מאירה ברנע-גולדברג. היא עוקבת אחר האחים לבית דנבר, שמקבלים בירושה טירה מסתורית וחתול מדבר בשם כראמל. יחד הם מנסים לחשוף סודות מהעבר ולהתמודד עם דמויות מסתוריות שמאיימות עליהם.\n\n🔗 קישור לדרייב: https://drive.google.com/drive/folders/1-D_Mc-BLsu-Xk_c5tlA0yDTu9wTrY6X0",single,,,g,,,,,0,,,,,,,,seconds,0,0,,,,,,,,,,,,,379,0
לגו נינג'גו סדרה,none,"🎬 לגו נינג'גו - סדרה\n🎭 ז'אנר: אנימציה, הרפתקאות, פעולה, פנטזיה, קומדיה\n📅 שנת יציאה: 2011\n⏱ אורך הסדרה: כל פרק כ-22 דקות (עם עשרות פרקים בסך הכל)\n\n📝 תקציר:\n""נינג'גו: מאסטרי הספינג'יטסו"" היא סדרת אנימציה שמשלבת את קסם העולם של LEGO עם עלילה מרתקת על נינג'ות צעירים, כוחות מיסטיים ואויבים מסוכנים. הסדרה מתארת הרפתקאות, קרבות מרתקים ורגעי הומור, כשהחבורה מתמודדת עם אתגרים רבים במטרה להציל את עולמם 🥷🏰😂\n\n*הועלה ע""י ג'ון סמית*\n\n🔗 קישור לדרייב: \n*פרקי פיילוט*\nhttps://drive.google.com/drive/folders/12EKITrohGbEikeEcKrPryeWNJcAjtD_u\n\nעונה 1\nhttps://drive.google.com/drive/folders/1f6bqmb8eBgWjaTkChZ3DyKAL-UXSJQOx\n\nעונה 2\nhttps://drive.google.com/drive/folders/1ptlO4GaBc-Qt6Wh1HE4FqiyBcJFqIpgn\n\nעונה 3\nhttps://drive.google.com/drive/folders/1wpo0DOyEszGKbuBU_NUn5F2EIud246gV\n\nעונה 4\nhttps://drive.google.com/drive/folders/1xNkXpV7yh0_kss20IUvUI_wVrJeg4wPC\n\nעונה 5\nhttps://drive.google.com/drive/folders/1yZL4ixaJwRcdMqV3t_wluojXNIKalp6I\n\nעונה 6\nhttps://drive.google.com/drive/folders/1-u_7pIvjicWEfMfrUUwEBJCpKn6OX4nv\n\nעונה 7\n\nhttps://drive.google.com/drive/folders/1vpEk0TGDlEOJ4synsGlQxLTCShl-zWWk\n\nעונה 8\n\nhttps://drive.google.com/drive/folders/1l48csHEaohXtajx3UZ9YC-VGNRGw5xhc\n\nעונה 9\n\nhttps://drive.google.com/drive/folders/1Z1L6ISBeE_pLSXzrzAolgO9pNzCLsyLt\n\nעונה 10\n\nhttps://drive.google.com/drive/folders/1Ek1__OhzNmFKf4sNTXHI490_c5yLCgeP",single,,,g,,,,,0,,,,,,,,seconds,0,0,,,,,,,,,,,,,651,0
להיות איתה,none,"🎬 להיות איתה\n🎭 ז'אנר: דרמה, קומדיה רומנטית\n📅 שנת יציאה: 2015\n⏱ אורך פרק: 45 דקות\n\nתקציר:\nהסדרה עוקבת אחרי תמר, בחורה צעירה המנסה למצוא את מקומה בעולם המודרני. היא נתקלת בקשיים בשמירה על מערכת יחסים זוגית יציבה, תוך כדי ניהול קריירה ולימודים. כשהיא מתמודדת עם האתגרים, היא פוגשת את מאור, גבר שמתעורר לתוך סיפור אהבה לא צפוי שיכול לשנות את כל עולמה. הסדרה חוגגת את הרגעים הקטנים בחיים, את הרגשות, החיפוש אחר האמת והאהבה.\n\n🔗 קישור לדרייב:\nעונה 1\nhttps://drive.google.com/drive/folders/1IUsbaqEKFsN8vR0H86DmyHrXCJc5Sm9T\n\nעונה 2\nhttps://drive.google.com/drive/folders/1IgGildzbgcWTVqPM23xk2HJ-ophhZWtE\n\n\n> *Qbzn*\nעונה 3\nhttps://drive.google.com/drive/folders/10kfv23KPHvJ8p6DAC8N7wOAdblSoAb8P",single,,,g,,,,,0,,,,,,,,seconds,0,0,,,,,,,,,,,,,212,0
לוקי,none,"🎬 לוקי\n🎭 ז'אנר: אקשן, מדע בדיוני, דרמה\n📅 שנת יציאה: 2021\n⏱ אורך פרק: 50 דקות\n\nתקציר:\nהסדרה עוקבת אחרי לוקי, האל השובב, אחרי שגונב את הטסראקט במהלך אירועים מ""עידן אולטרון"". בעקבות זה, לוקי נקלע למסע מרתק במציאות חלופית בה הוא פוגש את ""הסוכנות בזמן"" שמטרתה לשמור על הסדר הקוסמי. הוא ימצא את עצמו מתמודד עם גרסאות שונות של עצמו ועם אתגרים שעשויים לשנות את מהלך הזמן.\nהסדרה מלאה בהומור, אקשן מרהיב, ומפנה חשיבה למקומות חדשים ומסתוריים ביקום.\n\n🔗 קישור לדרייב:\nפרק 1\nhttps://drive.google.com/file/d/1yBpnhyATklU52dShQSukXV-jrVw_hBvQ/view?t=4\n\nפרק 2\nhttps://drive.google.com/file/d/1PineoN63wkARLszYgIJf-rQyGlwm2VkE/view?t=1\n\nפרק 3\nhttps://drive.google.com/file/d/11B-BszK3dKHOi2feRUMeZI0NCINmyis7/view?usp=drivesdk\n\nפרק 4\nhttps://drive.google.com/file/d/1Q19D-BsUAYhogiTF4CAww3oBC7tpWDiR/view\n\nפרק 5\nhttps://drive.google.com/file/d/1-54NM7mBggwnVm_25ErLWr6usosSS00X/view\n\nפרק 6\nhttps://drive.google.com/file/d/11f-oI5d5RdX1QnMytPT7Y8vV98waWcKR/view",single,,,g,,,,,0,,,,,,,,seconds,0,0,,,,,,,,,,,,,230,0
לוקי קייג,none,"🎬 לוק קייג’\n🎭 ז’אנר: אקשן, גיבורי-על, דרמה\n📅 שנת יציאה: 2016\n⏱ אורך פרק: כ-50 דקות\n\n“תקציר: לאחר שניסוי כושל מעניק לו כוח על-אנושי ועור בלתי חדיר, לוק קייג’ מנסה לחיות חיים שקטים בניו יורק. אך כשהפשע והעוול משתלטים על שכונתו, הוא נאלץ להשתמש בכוחותיו כדי להגן על חפים מפשע ולהילחם באויבים רבי-עוצמה. 🦸‍♂️🔥”\n\n🔗 קישור לדרייב: \nעונה 1\nhttps://drive.google.com/folderview?id=1-UBg38FDotXbRUV7lenk9CZ1vq2z2dCZ\n\nעונה 2\nhttps://drive.google.com/drive/folders/1BtvrUySQzg4Y1ITD1nYMmNIg6AB3Z8Z1",single,,,g,,,,,0,,,,,,,,seconds,0,0,,,,,,,,,,,,,260,0
לוקי קייג',none,"🎬 לוק קייג’\n🎭 ז’אנר: אקשן, גיבורי-על, דרמה\n📅 שנת יציאה: 2016\n⏱ אורך פרק: כ-50 דקות\n\n“תקציר: לאחר שניסוי כושל מעניק לו כוח על-אנושי ועור בלתי חדיר, לוק קייג’ מנסה לחיות חיים שקטים בניו יורק. אך כשהפשע והעוול משתלטים על שכונתו, הוא נאלץ להשתמש בכוחותיו כדי להגן על חפים מפשע ולהילחם באויבים רבי-עוצמה. 🦸‍♂️🔥”\n\n🔗 קישור לדרייב: \nעונה 1\nhttps://drive.google.com/folderview?id=1-UBg38FDotXbRUV7lenk9CZ1vq2z2dCZ\n\nעונה 2\nhttps://drive.google.com/drive/folders/1BtvrUySQzg4Y1ITD1nYMmNIg6AB3Z8Z1",single,,,g,,,,,0,,,,,,,,seconds,0,0,,,,,,,,,,,,,261,0
לשרוד את הלילה,none,"🎬 לשרוד את הלילה\n🎭 ז'אנר: אקשן, מותחן\n📅 שנת יציאה: 2021\n⏱ אורך פרק: 100 דקות\n\nתקציר:\nבמהלך ניסיון חיסול כושל, רופא מצליח להימלט עם משפחתו לאזור מבודד. כעת, הם נאלצים להילחם על חייהם מול בריוני רחוב, כשהם לא יודעים אם יצליחו לשרוד את הלילה. 💥🌙\n\n🔗 קישור לדרייב: https://drive.google.com/file/d/1HoIuLr3jV2YchYmWjZG7Ti2hMLgaEtwJ/view?usp=drivesdk",single,,,g,,,,,0,,,,,,,,seconds,0,0,,,,,,,,,,,,,132,0
מה הבעיה,none,"🎬 מה הבעיה?\n🎭 ז'אנר: נעורים, קומדיה\n📅 שנת יציאה: 2023\n\n📖 תקציר: שלוש חברות טובות – עמליה, רותם וליבי – מחליטות להקים משרד לפתרון בעיות בבית הספר שלהן. בכל פרק הן מקבלות משימה חדשה, מנסות לעזור בדרכים יצירתיות ומפתיעות, ובדרך גם לומדות שיעורים על חברות, אהבה והתבגרות. ✨🎭\n\n🔗 קישור לדרייב:\nעונה 1 - https://drive.google.com/drive/folders/17G7st6yDscY-pCo19fbzlR6LamDI7Lq2\n\n\nעונה 2\n\n\nפרק 5\nhttps://drive.google.com/file/d/11V3aW2R3EU7K3kejrnKlK_Zh0wRHJS9p/view?usp=drivesdk\n\nפרק 6\nhttps://drive.google.com/file/d/14VqdUrfUctP_27_luF9_r8ix1xvlH_Fn/view?usp=drivesdk\n\nפרק 7\nhttps://drive.google.com/file/d/14WNBEToQnJoNZjWkgA_C3KVml4mH6_w2/view?usp=drivesdk\n\nפרק 8\nhttps://drive.google.com/file/d/1-AoURuTNr5M9ieOqZo1bO9pKspYVb_l8/view?usp=drivesdk\n\nפרק 9\nhttps://drive.google.com/file/d/1-BIOxzD0eA4mQ3TbqCXT4FEy8zUrynLF/view?usp=drivesdk\n\nפרק 10\nhttps://drive.google.com/file/d/15DsryMTIOfWl42xC4e2BoEuO7DXIncwL/view?usp=drivesdk\n\nפרק 11\nhttps://drive.google.com/file/d/17trpL-zXxuEiAizFOwYyxMWtsj0VSoUh/view?usp=drivesdk\n\nפרק 12 - אחרון לעונה\nhttps://drive.google.com/file/d/1CwBn7PlDNIG0XBF-pzAI9KITUvuZLoBk/view?usp=drivesdk",single,,,g,,,,,0,,,,,,,,seconds,0,0,,,,,,,,,,,,,264,0
מועדון הבייביסיטריות,none,"*The Baby-Sitters Club*\n🎬 מועדון הבייביסיטריות\n🎭 ז'אנר: משפחתי, קומדיה, דרמה\n📅 שנת יציאה: 2020–2021\n📺 עונות: 2 | 🎞 פרקים: 18\n⏱ אורך פרק: כ־25 דקות\n\n📝 תקציר:\nקבוצת נערות יוזמת מקימה מועדון בייביסיטריות בעיירה שקטה.\nמה שמתחיל כעבודה פשוטה הופך למסע של חברות, אחריות והתבגרות.\nכל פרק מציג סיפור חדש מהחיים, עם רגש, הומור ואתגרים אמיתיים.\nהסדרה עוסקת במשפחה, חברות ושינויים, בגובה העיניים ובלב פתוח.\n\n🔗 קישור לדרייב:\nhttps://drive.google.com/drive/folders/1wgwu3cVB51rVztGggRxQO4G_xVPW00m7",single,,,g,,,,,0,,,,,,,,seconds,0,0,,,,,,,,,,,,,1063,0
מטכליסטים,none,"_Technical Experts_ \n🎬מטכ״ליסטים\n🎭 ז'אנר: דרמה • צבאי • מתח\n📺 שידור: YES\n📅 שנת יציאה: 2024\n⏱ אורך: כ־45 דקות לפרק\n⭐ דירוג: ☆☆☆☆☆\n\n> *📝 תקציר:*\nקבוצת צעירים מתקבלת למסלול היוקרתי והקשוח ביותר בצה״ל. במהלך האימונים והמשימות הם נאלצים להתמודד עם גבולות פיזיים ונפשיים, חברות שנבחנת תחת לחץ קיצוני והמחיר האישי של שירות ביחידת עילית — כשכל טעות עלולה לעלות ביוקר.\n\n> *DriveFlix • Qbzn*\n> *🔗 קישור לדרייב:*\nhttps://drive.google.com/drive/folders/1UjDwKHRBI2R9kL5d6ciTwvGrE087czZW",single,,,g,,,,,0,,,,,,,,seconds,0,0,,,,,,,,,,,,,1045,0
מייקל ג'ורדן הריקוד האחרון,none,"The Last Dance\n🎬 מייקל ג'ורדן: הריקוד האחרון\n🎭 ז'אנר: דוקו • ספורט • ביוגרפיה\n📅 שנת יציאה: 2020\n⏱ אורך: 10 פרקים | כ־50 דקות לפרק\n⭐ דירוג: ⭐⭐ (IMDb 9.1)\n\n📝 תקציר:\nסדרת דוקו עטורת שבחים שמלווה את מייקל ג'ורדן בעונת האליפות האחרונה שלו עם שיקגו בולס. דרך צילומים נדירים, ראיונות וחשיפות אישיות, נחשף המסע של ג'ורדן להפוך לאגדה — המחיר האישי, הלחץ, האגו והנחישות שהובילו לשושלת בלתי נשכחת ב-NBA.\n\n> DriveFlix • Qbzn\n🔗 קישור לדרייב:\nhttps://drive.google.com/drive/folders/1y3eiukftYLeDgzVK9mUKWXljLKp9lGWu",single,,,g,,,,,0,,,,,,,,seconds,0,0,,,,,,,,,,,,,1041,0
מלאך משחית,none,"🎬 מלאך משחית\n🎭 ז’אנר: דרמה, פשע\n📅 שנת יציאה: 2007\n\n📖 תקציר: סדרת דרמה ישראלית שעוקבת אחר סיפורו של גבר מסתורי עם עבר אפל, שחוזר לישראל לאחר שנים ומוצא את עצמו מסובך בעולם של פשע, צדק ונקמה. ככל שהעלילה מתקדמת, נחשפים סודות מעברו, והוא נאלץ להתמודד עם ההשלכות של מעשיו. סדרה מותחת ומלאת דרמה עם משחק עוצמתי. 🔥🔎\n\n🔗 קישור לדרייב:\nעונה 1\nhttps://drive.google.com/drive/folders/1B8lZzTV6_Zv1licJ4bPq87kClZ3UKIZd",single,,,g,,,,,0,,,,,,,,seconds,0,0,,,,,,,,,,,,,428,0
מפוצלים 1,none,"🎬 מפוצלים 1\n🎭 ז'אנר: אקשן, מדע בדיוני\n📅 שנת יציאה: 2014\n⏱ אורך פרק: 139 דקות\n\nתקציר:\nבעולם עתידני שבו החברה מחולקת לחמישה ""חלקים"", צעירה בשם טריס מגלה שהיא שונה מכולם. היא מתגייסת לארגון שמסייע למי שמסוגל לחשוב מחוץ למסגרת, אך במהרה מגלה שמאיימת עליה סכנה עצומה. ⚔️🔬\n\n🔗 קישור לדרייב: https://drive.google.com/file/d/1GXpJAMDSaz3g05nQgciyM1j2X-JKVWhR/view",single,,,g,,,,,0,,,,,,,,seconds,0,0,,,,,,,,,,,,,137,0
מפוצלים 2,none,"🎬 מפוצלים 2: מורדים\n🎭 ז'אנר: אקשן, מדע בדיוני\n📅 שנת יציאה: 2015\n⏱ אורך פרק: 120 דקות\n\nתקציר:\nלאחר שגילתה את סודות המערכת, טריס מתחילה להילחם על חירותה ועל עתיד החברה. היא מתמודדת עם אויבים חזקים ונעזרים בחבריה במסע מלא סכנות במטרה לחשוף את האמת. 💥💪\n\n🔗 קישור לדרייב: https://drive.google.com/file/d/1Q5cyzLHh01BDcHk-pTd6fbzreOn0dIjU/view?usp=drivesdk",single,,,g,,,,,0,,,,,,,,seconds,0,0,,,,,,,,,,,,,138,0
מפוצלים 3,none,"🎬 מפוצלים 3: בעלי ברית\n🎭 ז'אנר: אקשן, מדע בדיוני\n📅 שנת יציאה: 2016\n⏱ אורך פרק: 120 דקות\n\nתקציר:\nהקרב האחרון בין המורדים והמערכת מגיע לשיא, וההימור הוא חיי כולם. טריס והחבר'ה שלה נלחמים במטרה לשנות את המציאות ולהילחם בכוחות שמאיימים על העולם כולו. 🔥🌍\n\n🔗 קישור לדרייב: https://drive.google.com/file/d/1BWoBbRoVghyye1gbtwenoy7r5xWWBUTi/view",single,,,g,,,,,0,,,,,,,,seconds,0,0,,,,,,,,,,,,,139,0
מקיף מילאנו,none,"🎬 מקיף מילאנו\n🎭 ז'אנר: דרמת נעורים\n📅 שנת יציאה: 2021\n⏱ אורך פרק: 25–35 דקות\n\nתקציר:\nהסדרה עוקבת אחר תלמידי בית הספר המקצועי ""מקיף מילאנו"", המתמחים במגמות מכונאות, אופנה, צילום וגרפיקה. כאשר מגמת האופנה נחשבת בהנהגת הסטייליסט רפאל מצטרפת לבית הספר, היא מחזירה לחייו של תלמיד המכונאות עומר את אהובת ילדותו, נורי. הסדרה מתמקדת בקשרים החברתיים, האתגרים האישיים וההישגים של התלמידים, תוך שילוב של דרמות רומנטיות, תחרותיות ויצירתיות. 🔥🔍\n\n🔗 קישור לדרייב: \nעונה 1\nhttps://drive.google.com/drive/folders/1f3RFrA2ryR1DQpfsd4MJZmoOVRtMdC3p\n\nעונה 2\nhttps://drive.google.com/drive/folders/1-1IdCPDxqt-GkPdSlkUigayOt8GNllQr\n\nעונה 3\nhttps://drive.google.com/drive/folders/109QliYKssLK8oW2UlbJ6Bigw065sSG8g",single,,,g,,,,,0,,,,,,,,seconds,0,0,,,,,,,,,,,,,99,0
מקסטון הול,none,"🎬 מקסטון הול\n🎭 ז'אנר: דרמה, רומנטיקה, נעורים\n📅 שנת יציאה: 2024\n⏱ אורך הסדרה 2 עונות:\n[ ☆כל עונה 6☆ ] כ-45 דקות לפרק\n\n*📝 תקציר:*\nרובי בל, תלמידת מלגה חכמה במוסד הפרטי היוקרתי ""מקסטון הול"" באנגליה, נתקלת בסוד נפיץ שמערב את ג'יימס בופורט, יורש עשיר ויהיר. ניסיונותיו להשתיק אותה מובילים למערכת יחסים מפתיעה בין השניים, המשלבת מתח, רגשות ואהבה בלתי צפויה.💔🎓💼\n\n> *☆ Qbzn ☆ DriveFlix ☆*\n> *🔗 קישור לדרייב:*\n\n*עונה 1:*\nhttps://drive.google.com/drive/folders/17KHYNg7W2BgYKV6F7Y9OXugPTDIzohgS\n\n*עונה 2:*\nhttps://drive.google.com/drive/folders/1qHtwKwTtHGKkk5Js-R-dg8AgNIUHH9SD",single,,,g,,,,,0,,,,,,,,seconds,0,0,,,,,,,,,,,,,674,0
מרחק נגיעה,none,"🎬מרחק נגיעה \n🎭 ז'אנר: דרמה\n📅 שנת יציאה: 2007\n⏱ אורך פרק: כ-36-39 דקות\n\n\n📝 תקציר: \nהסדרה מתמקדת בשתי משפחות בעלות רקע שונה: משפחה חרדית בבני ברק ומשפחת עולים חדשים מרוסיה. רוחל'ה, נערה חרדית, וזוריק, עולה חדש, מפתחים סיפור אהבה אסור על פי כללי הקהילה. \n\n> *הועלה ע""י Qbzn*\n🔗 קישור לדרייב\nhttps://drive.google.com/drive/folders/102GF-uFGzQugPxnMHPKwrrDM4Bf2LhuP",single,,,g,,,,,0,,,,,,,,seconds,0,0,,,,,,,,,,,,,540,0
משחק הפירמידה,none,"​ משחק הפירמידה (Pyramid Game)\n\n🎭 ז'אנר: פעולה, מתח, מסתורין, דרמה, איידולים\n📅 שנת יציאה: 29 בפברואר 2024\n⏱ מספר פרקים: 10\n📝 תקציר:\nכל חודש, תלמידות תיכון מצביעות על פופולריות, במערכת היררכית אכזרית. סונג סו ג'י, תלמידת העברה שבמרחק מהצמרת, נאלצת להתמודד עם בריונות והשפלה — והכל משתנה כאשר היא מחליטה להיאבק כדי להפוך את החוקים ולשבור את הפירמידה החברתית! 📊👧💥\n\n> Driveflix \n🔗 קישור לדרייב:\nhttps://drive.google.com/drive/folders/1-0twPV8QC3awXNy7lrNbgFXRr8YSKncZ",single,,,g,,,,,0,,,,,,,,seconds,0,0,,,,,,,,,,,,,890,0
משחקי הדיונון,none,"🎬 משחקי הדיונון\n🎭 ז'אנר: דרמה, מותחן\n📅 שנת יציאה: 2021\n⏱ אורך סדרה: 9 פרקים\n\nתקציר:\nהסדרה עוקבת אחרי קבוצת אנשים שהיו במצב כלכלי קשה והם מוזמנים להשתתף במשחקים מסוכנים כדי לזכות בפרס כספי ענק. כל אחד מהם חייב לקחת חלק במיני-משחקים שמזכירים משחקי ילדים, אך עם תוצאה קטלנית למי שמפסיד. הסדרה עוסקת בנושאים של תסכול חברתי, פערים כלכליים ומאבק על החיים. 🦑💰\n> Driveflix \n\nעונה 1👇\nhttps://drive.google.com/drive/folders/12eHQlfVG7e2pGzc0beoTsImtNLlQsf77\n\nעונה 2👇\nhttps://drive.google.com/drive/folders/1-noYWjSxTEq-GKt3Xq3xtV-OeWeo5ZfY\n\nעונה 3 👇\nhttps://drive.google.com/drive/folders/1-8y_eq5AXyHj70BYolgLPdB2zbZhdjOh",single,,,g,,,,,0,,,,,,,,seconds,0,0,,,,,,,,,,,,,72,0
משחקי הכס,none,"🎬 משחקי הכס\n🎭 ז’אנר: דרמה, פנטזיה, הרפתקאות\n📅 שנת יציאה: 2011\n⏱ אורך פרק: כ-55 דקות\n\n“תקציר: בעולם פנטזיה רווי תככים, קרבות ובגידות, מספר משפחות אצולה נלחמות על השליטה בשבע הממלכות של ווסטרוז. בזמן שהמאבק על כס הברזל מתלהט, איום עתיק מעבר לחומה הצפונית מאיים להשמיד את כולם. ❄️⚔️”\n\n🔗 קישור לדרייב: \n8 עונות\nhttps://drive.google.com/drive/folders/1rpG2fZwNaCu-gQusuWsWi6LR4XtZxu8U",single,,,g,,,,,0,,,,,,,,seconds,0,0,,,,,,,,,,,,,249,0
משחקי השף,none,"🎬 משחקי השף | MasterChef Israel – עונה 8\n🎭 ז'אנר: ריאליטי, תחרות בישול\n📅 שנת שידור: 2025–2026\n📺 עונות: 1\n🎞 פרקים: כ-30+ בעונה (מתעדכנים במהלך השידור)\n⏱ אורך פרק: כ-60 דק'\n\n📝 תקציר:\nריאליטי בישול ישראלי פופולרי שבו שפים ומתמודדים מגוונים נאבקים על המקום במטבח הגדול.\nהעונה מכילה סדרת אודישנים מרתקים שבהם המתמודדים מציגים מנות מקוריות ומפתיעות בפני השופטים\n\n> *עונה יחידה שיש כעת על הדרייב*\n\n> *DriveFlix*\n🔗 קישור לדרייב:\nhttps://drive.google.com/drive/folders/1doPNla6P5lr_sURjpeMKcrsf4jC4QfE6",single,,,g,,,,,0,,,,,,,,seconds,0,0,,,,,,,,,,,,,1090,0
משמר הגבול,none,"🎬 משמר הגבול\n🎭 ז'אנר: דרמה, פשע, פעולה\n📅 שנת יציאה: 2023\n⏱ אורך פרק: כ-50 דקות\n\nתקציר:\nאבי (בן סולטן), צעיר מבת ים, מסתבך עם משפחת פשע מיפו ומתגייס למשמר הגבול כדי לסגור איתם חשבון. במהלך שירותו, הוא הופך ללוחם מוערך ומתאהב בלוחמת מג""ב פמיניסטית. אך העבר שלו ממשיך לרדוף אותו, והוא נאלץ להתמודד עם המציאות הישראלית המורכבת. 🔥🔍\n\n🔗 קישור לדרייב: https://drive.google.com/drive/folders/1LLx3lxQuQQbCL_iYuTRKqx84n9KeP5Ra",single,,,g,,,,,0,,,,,,,,seconds,0,0,,,,,,,,,,,,,81,0
מתודלקים,none,"🎬 מתודלקים\n🎭 ז'אנר: אקשן \n📅 שנת יציאה: 2023\n⏱ מספר פרקים: 8\n*אורך פרק כ - 50 + דק'*\n\n*📝 תקציר:*\nלוחמים ביחידה מובחרת שסיכלו מזימה קטלנית בעיר החטאים יוצאים לחגוג את הצלחתם – אבל אז נחשף האיום האמיתי. כדי להציל את לאס וגאס, הם חייבים לנסות להתפכח.\n\n> *Qbzn*\n🔗 קישור לדרייב:\nhttps://drive.google.com/drive/folders/1Zt8VOHMQHM3qqxcBPdz1r7BkKyhvxb5s",single,,,g,,,,,0,,,,,,,,seconds,0,0,,,,,,,,,,,,,595,0
מתוקים,none,"🎬 מתוקים\n🎭 ז’אנר: קומדיה, הרפתקאות, משפחה\n📅 שנת יציאה: 2021\n\n📖 תקציר: כאשר קבוצת חברים מגלה מתכון סודי לממתקים שגורם לכל מי שאוכל מהם להתנהג בצורה מוזרה, הם יוצאים להרפתקה משעשעת ומלאת הפתעות. בין ניסיונות להציל את המתכון מידיים רעות לבין שמירה על הסוד, הם מבינים שהדבר הכי מתוק הוא החברות שלהם.\n\n🔗 קישור לדרייב:\nעונה 1\nhttps://drive.google.com/drive/folders/13xc6AbOGtCJml-8JVTU5O9WFxclY1RWw",single,,,g,,,,,0,,,,,,,,seconds,0,0,,,,,,,,,,,,,447,0
מתים לרגע,none,"🎬 מתים לרגע\n🎭ז'אנר: דרמה, מתח, מדע בדיוני\n📅שנת יציאה: 2014\n⏱️אורך 45 דקות (פרק)\n\n📝תקציר:\nסדרת מתח ישראלית העוקבת אחרי קבוצת רופאים צעירים שחוו חוויות חוץ־גופיות בזמן שמתו קלינית וחזרו לחיים 💉⚡😮. כל אחד מהם מנסה להבין את המשמעות של מה שראה, תוך שהם מסתבכים בקונפליקטים אישיים ומקצועיים 🧠💔🔍. שילוב של דרמה אנושית עם נגיעה מסתורית ומדעית.\n\nלצפיה בסדרה ⬇️🎥🔥\nhttps://drive.google.com/drive/folders/1-cC4kWrG0nYsL4zVCXj3uUnWGF1sTWpD",single,,,g,,,,,0,,,,,,,,seconds,0,0,,,,,,,,,,,,,901,0
נבסו,none,"🎬 נבסו\n🎭 ז'אנר: קומדיה\n📅 שנת יציאה: 2017\n⏱ אורך פרק: כ-30 דקות\n\n\n📝 תקציר: \nגילי ותמר, זוג מעורב, מגדלים את בתם בת החמש ומנסים להוכיח לעולם שהם זוג רגיל, למרות הדעות הקדומות והמתחים בתוך המשפחה המורחבת. כל מפגש בין המשפחות הופך לזירת עימות מצחיקה. \n\n> *הועלה ע""י Qbzn*\n🔗 קישור לדרייב:\n> *עונה 1*\nhttps://drive.google.com/drive/folders/1iFocgLF4n_FWnUhnzosmRd9pAx_vWW0N\n\n> *הועלה ע""י Qbzn*\n> עונה 2\nhttps://drive.google.com/drive/folders/1n9ziV_PFJsxLGFUiwjWuRwUfd5Z2qJDz",single,,,g,,,,,0,,,,,,,,seconds,0,0,,,,,,,,,,,,,526,0
נוטוק,none,"Nutuk\n🎬 נוּטוֹק\n🎭 ז'אנר: דרמה • מסתורין • על-טבעי\n📺 שידור: קשת 12\n📅 שנת יציאה: 2025\n📦 מספר פרקים: 8 פרקים בסך הכל \n⏱ אורך פרק: כ-43 דק'\n\n📝 תקציר:\nסדרה ישראלית מרתקת שמתמקדת במשפחה דרוזית שאמונתה בגלגול נשמות מתחדדת כשלבנם דניאל מתחילים לצוץ זיכרונות חיים קודמים של אדם אחר. מה שנראה כמו פנטזיה הופך לחקירה של זהות, אמונה, משפחה ומתחים חברתיים בתוך קהילה וישראל של היום.\n\n> *DriveFlix • Qbzn*\n\n🔗 קישור לדרייב:\nhttps://drive.google.com/drive/folders/1gDzR1d6Y-zb_VZxrHZTvlEOAw8QtChQa",single,,,g,,,,,0,,,,,,,,seconds,0,0,,,,,,,,,,,,,1046,0
נינג'גו עליית הדרקונים,none,"🎬 נינג’גו: עליית הדרקונים\n🎭 ז'אנר: אנימציה, פעולה, פנטזיה, קומדיה\n📅 שנת יציאה: 2023 \n⏱ אורך כל פרק: כ-22 דקות \n\n📝 תקציר:\nבעקבות אירוע מסתורי המכונה ""המיזוג"", יקומים שונים התאחדו והפכו לבלתי יציבים; ארין וסורה, יחד עם נלגו הירוקים, חייבים לאמן גיבורים חדשים למצוא ולהגן על דרקונים לפני שכוחות הרשע ישתמשו בהם להרוס את העולם 🐉🗡️🌀 \n\n*הועלה ע""י ג'ון סמית*\n> *🔗 קישור לדרייב:*\n*עונה 1 חלק א*\nhttps://drive.google.com/drive/folders/1TCqu2AWxfCVxHUhtCj-8qlr_tuQogkiM\n\n*עונה 1 חלק ב*\nhttps://drive.google.com/drive/folders/1qmf2mdeWGCFTXYr5vYnjHVnCxpVPuyJP\n\n*עונה 2 חלק א*\nhttps://drive.google.com/drive/folders/106zfx5_OLyMvcHBC6i6akvKW0Xym-9gr\n\n*עונה 2 חלק ב*\nhttps://drive.google.com/drive/folders/16jdoyL7aX2uQXpKX6uIEnsxHA_Gbkc2t\n\n*עונה 3 חלק א*\nhttps://drive.google.com/drive/folders/1NX5Q1CWVzANdZTLu5N2NELqmy9ep31Gs",single,,,g,,,,,0,,,,,,,,seconds,0,0,,,,,,,,,,,,,652,0
נמלטים,none,"🎬 נמלטים\n🎭 ז'אנר: דרמה, מתח, פעולה\n📅 שנת יציאה: 2020\n⏱ אורך פרק: 50 דקות\n\nתקציר:\nהסדרה עוקבת אחרי שני אנשים שנפלו תחת השעון המוסדיים והפוליטיים, והם מנסים להימלט מהעבר המורכב שלהם. הם מגלים שבסופו של דבר, החופש עולה במחיר כבד. 🏃‍♂️💥\n\n🔗 קישור לדרייב: https://drive.google.com/drive/folders/1XQThe9yx2R5Y-XwJbjknMQY1DjNyWfC7",single,,,g,,,,,0,,,,,,,,seconds,0,0,,,,,,,,,,,,,30,0
נסיך הדרקון,none,"🎬 נסיך הדרקון\n🎭 ז'אנר: אנימציה, פנטזיה, הרפתקאות\n📅 שנת יציאה: 2018 (עונה ראשונה)\n⏱ אורך הפרק: כ-25 דקות (בפרקים)\n🧬 מס' עונות 7.\n\n\n📝 תקציר:\n""נסיך הדרקון"" היא סדרת אנימציה פנטסטית שמספרת את סיפורם של שני בני אדם ואסטרגית אלפית במסעם להחזיר ביצת דרקון קסומה, במטרה להביא שלום לעמים ולהפיג מלחמות עתיקות. הסדרה מתאפיינת בהרפתקאות על-טבעיות, רגעי קסם וסיפורים מלאי תחכום. 🐉🏰✨\n\n*הועלה ע""י ג'ון סמית*\n🔗 קישור לדרייב: \nעונה 1 \nhttps://drive.google.com/drive/folders/1hWvSzy4GHu_srh0vhyh816ykCAQXWF6Q\n\nעונה 2\nhttps://drive.google.com/drive/folders/1kodqsrsEs01zPTHYAaiXLWvAdv7oFTOt\n\nעונה 3\nhttps://drive.google.com/drive/folders/1ogYpvtvdq4U2nhS8WguNjPTBflFw4t7_\n\nעונה 4\nhttps://drive.google.com/drive/folders/1B5PStLNffhKiXkQ2bDoL7bY9XrICQ76m\n\nעונה 5 \nhttps://drive.google.com/drive/folders/1e6ppXc_IVD5O0IuMfPsMGG_fhGhgwDMc\n\nעונה 6\nhttps://drive.google.com/drive/folders/1xjNxrpU0sUfGsL76vsogzmUHmVJbGrzU\n\nעונה 7\nhttps://drive.google.com/drive/folders/1HGeRH2CqbEGsyAweE9aP21qaDfjHOAbw",single,,,g,,,,,0,,,,,,,,seconds,0,1,,,,,,,,,,,,,653,0
נעלמים,none,⬇️ נעלמים עונה 1 ⬇️\nאין בדרייב ❌ ‼️\n⬇️ נעלמים עונה 2 ⬇️\nפרק 1+2 ↙️\nhttps://drive.google.com/file/d/1wXlMzDRv6M-LZoh7u4jAWMFx0mHK7SYc/view?usp=drivesdk\nפרק 3 ↙️\nhttps://drive.google.com/file/d/1JmCoA_LTPbl-AYB6xZB-7hHaKShfOsJB/view?usp=drivesdk\nפרק 4 ↙️\nhttps://drive.google.com/file/d/16aAwcjPYsiXwdC6PbT_z_RB1_tUjnx4R/view?usp=drivesdk\nפרק 5 ↙️\nhttps://drive.google.com/file/d/1lhwRSRI4p0FwfkvSUZnE6ohr0vS1YIod/view?usp=drivesdk\nפרק 6 ↙️\nhttps://drive.google.com/file/d/17zqsZj2b2TLc_LzDNSc71LzgC11taO8I/view?usp=drivesdk\nפרק 7 ↙️\nhttps://drive.google.com/file/d/1Foqu2qQrod0Qnnbeg7Wa_sNTU0hJ4clh/view?usp=drivesdk\nפרק 8 ↙️\nhttps://drive.google.com/file/d/1D_kVmpmhpIJTjQQl8PCnwjo-Frp_0Ozh/view?usp=drivesdk\nפרק 9 ↙️\nhttps://drive.google.com/file/d/1CYLcbyemI7jT6MWzk0rGroUC0FpcD8Zm/view?usp=drivesd\nפרק 10 ↙️\nhttps://drive.google.com/file/d/1Ouaomc8TZHYFEa2BhrvICaOmliL_mJZD/view?usp=drivesdk\nפרק 11 ↙️\nhttps://drive.google.com/file/d/1w5h_ZvoxMWnX6_FXIEWj61Kv2hxgz84t/view?usp=drivesdk\nפרק 12 ↙️\nhttps://drive.google.com/file/d/1kbEe1xwSksjmJNTvkx2maQK6j6OmSLZ_/view?usp=drivesdk\nפרק 13 ↙️\nhttps://drive.google.com/file/d/18lF_H6O0nmxyCfzKF85RJtEp3tTpzFMW/view?usp=drivesdk\nפרק 14 ↙️\nhttps://drive.google.com/file/d/12IS7G7W5ThJBP0XvtO9W7b3EmFyAdbs0/view?usp=drives\nפרק 15 ↙️\nhttps://drive.google.com/file/d/13-t4MmRW0rbGHeUZpEg3vVGzpjVL0KpZ/view?usp=drivesdk\nפרק 16 ↙️\nhttps://drive.google.com/file/d/1GEtqHatkQtntREVs2V5dEXmmxc6dKW6X/view?usp=drivesdk\nפרק 17 ↙️\nhttps://drive.google.com/file/d/1FwA0MCD9973DoEcamKyz28j_KFVZeDLf/view?usp=drivesdk\nפרק 18 ↙️\nhttps://drive.google.com/file/d/1kUy5iSD_G-Gc-O_mQfsEQw6Q0dTnHzVA/view?usp=drives\nפרק 19 ↙️\nhttps://drive.google.com/file/d/151eV9HjmQXef0XeTHde-L-J0yeZ9Bxbz/view?usp=drivesdk\nפרק 20 ↙️\nhttps://drive.google.com/file/d/1glpYAOVd4hfZkxvrZL8M0SRha5bm8pco/view?usp=drivesdk\nפרק 21 ↙️\nhttps://drive.google.com/file/d/1g4_ncVEhVO04RwdU2JCSl-xmoS41lE20/view?usp=drivesd\nפרק 22 ↙️\nhttps://drive.google.com/file/d/1gRwCSm5YoQucqx9LRVYvrlIwgMvGcB6T/view?usp=drivesdk\nפרק 23 ↙️\nhttps://drive.google.com/file/d/13Dwlj1fZbFee7cJ8uVZvE7qJ6UZbG1w0/view?usp=drivesdk\nפרק 24 ↙️\nhttps://drive.google.com/file/d/1LRrbPtlg8XhPSfN7tD3bYqEXVVyCQ-92/view?usp=drivesdk\nפרק 25 ↙️\nhttps://drive.google.com/file/d/1Piy1TkxNrQVP9CA0Zl4LJjYakHXIQrui/view?usp=drivesdk\nפרק 26 ↙️\nhttps://drive.google.com/file/d/1UEJSWIzslkhINkMRgSAoYyvO6Tv9MJMX/view?usp=drivesdk\nפרקים 27 - 40 ↙️\nhttps://drive.google.com/folderview?id=1GJv7BR0lVhJ_AIAr_g22ursYBCLqiwMu\nפרקים 50 - 41 ↙️\nhttps://drive.google.com/open?id=1vdOTS9UGo3JxgKP2YSwa-uYVvZwvtdpo\n⬇️ נעלמים עונה 3 ⬇️\nhttps://drive.google.com/open?id=1DG3-7yqe-hcIfj1T_xzO6ug9GKBKXk-x\n⬇️ נעלמים עונה 4 ⬇️\nhttps://drive.google.com/drive/folders/1dA_k9T7cDY6EjCh7rNj8MoTbneIx1czj,single,,,g,,,,,0,,,,,,,,seconds,0,0,,,,,,,,,,,,,262,0
נרקוס,none,"*🎬נרקוס*\n🎭ז'אנר: פשע, דרמה, מתח\n📅שנת יציאה: 2015\n⏱️אורך 50 דקות (פרק)\n\n📝תקציר:\nסדרה מותחת המתארת את עלייתו ונפילתו של ברון הסמים הקולומביאני פבלו אסקובר 💰🔫🌎. הסיפור עוקב אחרי מאבקה של משטרת קולומביה וה-DEA נגד אימפריית הסמים שלו, תוך חשיפת עולם מלא בפוליטיקה, שחיתות ואלימות 🚔⚖️💥.\n\nלצפיה בסדרה ⬇️🎥🔥\nhttps://drive.google.com/drive/folders/1-D7w6gRIu90bKm0_O9-zjND_BbAWTgol",single,,,b,,,,,0,,,,,,,,seconds,0,0,,,,,,,,,,,,,900,0
סברי מרנן,none,"🎬 סברי מרנן\n🎭 ז'אנר: קומדיה\n📅 שנת יציאה: 2011\n⏱ אורך פרק: כ-30 דקות\n\nתקציר:\nהסדרה עוקבת אחרי שתי חברות טובות, שהן גם בעלות מסעדת ""סברי מרנן"", מיני רומנים, חוויות יומיומיות, ולפעמים הרבה יותר מדי קונפליקטים. כל אחת מביאה את האופי שלה והם מוצאות את עצמן במצבים קומיים שמלאים בהפתעות.\n\n🔗 קישור לדרייב:\nעונה 1\nhttps://drive.google.com/drive/folders/1-3cUn7QDZX1Se-4gf9C2Euz_ZtwhN_S-\n\nעונה 2\nhttps://drive.google.com/drive/folders/1HubqkQ_XQGY9HP9foKXS1F6bNYf5zG0I\n\nעונה 3\nhttps://drive.google.com/drive/folders/1cthazPvhHIA9FT8ywDktu16mk-8t5ERT\n\nעונה 4\nhttps://drive.google.com/drive/folders/1zSPtYWPCpB3qTYUKoALmhSUkyvbhpuf_\n\nעונה 5\nhttps://drive.google.com/drive/folders/1zYQqYX95LaGaD7Y3vzXFuL3KqlrxvRBq\n\nעונה 6\nhttps://drive.google.com/drive/folders/1-J55lAA7j_9j6YBuSDTEk-_rDGVgn9tF\n\nאין כרגע את 7-8😢",single,,,g,,,,,0,,,,,,,,seconds,0,0,,,,,,,,,,,,,171,0
סודות הספינג'צו,none,"🎬 נינג'גו: סודות הספינג'יצו האסור\n🎭 ז'אנר: פעולה, הרפתקאות, פנטזיה, אמנויות לחימה\n📅 שנת יציאה: 2019\n⏱ אורך פרק: 11 דקות\n\n📝 תקציר:\nבעונה ה-11 של נינג'גו, הנינג'ות מתמודדים עם איומים חדשים: אספירה, קוסמת אש עתיקה, והקיסר הקרח המסתורי. העונה מחולקת לשני חלקים – ""פרק האש"" ו""פרק הקרח"" – ומציגה את כוח הספינג'יצו האסור, טכניקה עוצמתית אך מסוכנת.\n🔥❄️🌀\n*הועלה ע""י ג'ון סמית*\n\n🔗 קישור לדרייב:\n*עונה 1*\nhttps://drive.google.com/drive/folders/1ATr0FE4y-nU56LKysvqNhQgKyWVYUKjB\n\n*עונה 2*\nhttps://drive.google.com/drive/folders/1EFtrB5M2JgH8q3PW45_nzByTaV8rxo5A\n\n*עונה 3*\nhttps://drive.google.com/drive/folders/1Fsvq_gvg2yZX1ABcvogsKPhumKLt4X_7\n\n*עונה 4*\nhttps://drive.google.com/drive/folders/1EIsUpxrELkEX4IrVy8beyyyknxcQn9m9\n\n*עונה 5*\nhttps://drive.google.com/drive/folders/15As6BjEqa5Aet-Ua43LkNFqm2vKJDAYd",single,,,g,,,,,0,,,,,,,,seconds,0,0,,,,,,,,,,,,,965,0
סוכן הלילה,none,"🎬 סוכן הלילה\n🎭 ז’אנר: מתח, פעולה, דרמה\n📅 שנת יציאה: 2023\n\n📖 תקציר: פיטר סאת’רלנד, סוכן FBI זוטר, מוצא את עצמו נשאב לקונספירציה מסוכנת המאיימת על ביטחון המדינה. כשהוא מוצב בתפקיד שולי בחדר מבצעים של הבית הלבן, שיחת טלפון מסתורית גוררת אותו לחקירה שבה הוא מגלה בגידה ברמות הגבוהות ביותר של הממשל. כעת, עליו להגן על אישה הנמלטת מרוצחים ולחשוף את האמת לפני שיהיה מאוחר מדי. 🔥🎭\n\n🔗 קישור לדרייב:\nעונה 1 https://drive.google.com/drive/folders/1iJRm1eEqY5Bkqmq5FwEJregY9ib44796\n\nעונה 2\nhttps://drive.google.com/drive/folders/1-01he0zafoD0aN-1OgyWMjX6hNdh5x35",single,,,g,,,,,0,,,,,,,,seconds,0,0,,,,,,,,,,,,,332,0
עושים צחוק,none,"🎬 *עושים צחוק*  \n*🎭 ז'אנר:* דרמה קומית  \n*📅 שנת יציאה:* 2022  \n*⏱ אורך הפרקים:* כ-30 דקות\n\n*📝 תקציר:*  \n""עושים צחוק"" היא סדרה צרפתית המתמקדת בארבעה סטנדאפיסטים מתחילים בפריז, המתמודדים עם אתגרים אישיים ומקצועיים בניסיון לפרוץ בתחום הקומדיה. הסדרה מציגה את מאבקיהם בעולם הבידור, תוך התמודדות עם סוגיות של זהות, תרבות ופוליטיקה. היא נוצרה על ידי פאני הררו, היוצרת של הסדרה ""10 אחוז"".\n\n🔗 קישור לדרייב:\nhttps://drive.google.com/drive/folders/1bKmGLem9hgCYIyfC4DTDZq4lhUBPeQxe",single,,,g,,,,,0,,,,,,,,seconds,0,0,,,,,,,,,,,,,864,0
עלומים,none,"🎬 עלומים\n🎭 ז'אנר: דרמה\n📅 שנת יציאה: 2022\n⏱ אורך פרק: 45 דקות\n\nתקציר:\nסדרה דרמטית שמתארת את סיפורם של שני נערים, אורי ויעל, החיים בעיר קטנה ומרגישים ""עלומים"" בחייהם האישיים. הם מנסים להתמודד עם קשיים משפחתיים, לחצים חברתיים והתמודדויות אישיות, וכל זאת תוך כדי שהם מגלים את עצמם מחדש ומנסים להבין את העולם סביבם.\n\n🔗 קישור לדרייב: \nhttps://drive.google.com/drive/folders/1SrK6QdRfqySVRRIzK93Yh-0U6oQskr47",single,,,g,,,,,0,,,,,,,,seconds,0,0,,,,,,,,,,,,,206,0
עספור,none,"🎬 עספור\n🎭 ז'אנר: דרמה, קומדיה\n📅 שנת יציאה: 2010\n⏱ אורך פרק: 45 דקות\n\nתקציר:\nהסדרה מתארת את חייו של צוות עבודה בבר ביפו, שם מתפתחת דינמיקה מעניינת בין העובדים. כל אחד מהם מגיע עם סיפור אישי מורכב, כל אחד מנסה להתמודד עם עולמו בדרכו. עם הזמן, הם הופכים ליותר ויותר תלויים אחד בשני, והקשרים בין העובדים מעמיקים מעבר למסגרת העבודה, עם רגעים של חום, הומור ולחצים. העסק הוא המקום שבו כל אחד מוצא את עצמו בדרך חדשה.\n\n🔗 קישור לדרייב:\nעונה 1\nhttps://drive.google.com/drive/folders/19mGxe9KvM2V7vEbepwXw01kF2bURZf9o\n\nעונה 2\nhttps://drive.google.com/drive/folders/19y-j_qwa7f3iRrgcCdaqOY5TaZmpZozt",single,,,g,,,,,0,,,,,,,,seconds,0,0,,,,,,,,,,,,,211,0
פאודה,none,"🎬 פאודה\n🎭 ז'אנר: דרמה, פעולה, מתח\n📅 שנת יציאה: 2015\n⏱ אורך פרק: 45 דקות\n\nתקציר:\nהסדרה עוקבת אחרי סוכני ימ""מ במלחמתם מול טרוריסטים, תוך שהיא מציגה את המאבק האלים והרגשי של שני הצדדים. הסדרה מתארת את חייהם של הלוחמים והמתמודדים מהצד הפלסטיני, במתח גבוה וסיטואציות מסוכנות. 🔫🌍\n\n🔗 קישור לדרייב:\nעונות 1-4 https://drive.google.com/drive/folders/10GCq4UYC53-t6npzolNPu1T5U5ZqrOTQ\n\nעונה 4 פרק 12\nhttps://drive.google.com/file/d/1ozMQpvckJgxEAQvswoevyzqrVLAMooNO/view?usp=drivesdk",single,,,g,,,,,0,,,,,,,,seconds,0,0,,,,,,,,,,,,,31,0
פול ספיד,none,"🎬 פול ספיד \n🎭 ז'אנר: סדרת נוער \n📅 שנת יציאה: 2023 \n⏱ אורך פרק: 23 דק \n\n*📝 תקציר:*\nחבורת האופנוענים חוזרת לעונה שנייה שמתרחשת כולה בספרד. חופשת הקיץ של הרוכבים בספרד הייתה אמורה להיות בליל של כיף, מסיבות וחברים במלון הקטן שרכש נמרוד - הזדמנות סוף-סוף להירגע. אולם, כשמתברר שכדי לרכוש את המלון נמרוד נכנס לחובות מול עבריין מקומי, העלילה מקבלת תפנית חדה ומסוכנת. עכשיו, צריכים הרוכבים להיחלץ לעזרתו של נמרוד בפרשיית הפשע שאליה נקלע ולעזור לו להעלות את מגרש המוטוקרוס שלו שוב על המסלול.\nיוצרים: קובי מחט ומיקי רבינוביץ\n\n> *Qbzn הועלה ע""י*\n🔗 קישור לדרייב:\n*עונה 1*\nhttps://drive.google.com/drive/folders/1FQycjvXUmGAD5r9yO0bNyrXSw1UyFGoh\n\n*עונה 2*\nhttps://drive.google.com/drive/folders/1b9eHyUiYg-Wd0GXCmfmnQh6l2LCpxwD-",single,,,g,,,,,0,,,,,,,,seconds,0,0,,,,,,,,,,,,,598,0
פולאאוט,none,"🎬 פולאאוט\n🎭 ז'אנר: פעולה, דרמה, מדע בדיוני, מערבון פוסט-אפוקליפטי\n📅 שנת יציאה: 2024\n⏱ אורך פרק: 45–74 דקות\n📺 פלטפורמה: Amazon Prime Video\n\n\n*📝 תקציר:*\nבעולם פוסט-אפוקליפטי בשנת 2296, לאחר מלחמה גרעינית שהחריבה את פני האדמה, לוסי, תושבת מקלט 33, יוצאת למסע מסוכן בלוס אנג'לס ההרוסה כדי למצוא את אביה שנחטף. בדרכה, היא פוגשת את מקסימוס, לוחם מהאחווה, ואת ""הגולגולת"", צייד ראשים מצולק. יחד, הם מגלים סודות אפלים על Vault-Tec, החברה שעמדה מאחורי המקלטים, ועל תפקידה בהשמדת העולם.🧟‍♂️🔫☢️\n\n> *Qbzn*\n> *🔗 קישור לדרייב:*\nhttps://drive.google.com/drive/folders/1toysMWs4KN6YtMkCCqJkRayxjEscq5h-",single,,,g,,,,,0,,,,,,,,seconds,0,0,,,,,,,,,,,,,774,0
פטריק,none,"🎬 פטריק\n🎭 ז'אנר: פשע, מותחן\n📅 שנת יציאה: 2024\n⏱ אורך פרק: כ-50 דקות\n\nתקציר:\nפטריק, עבריין בכיר שמתעורר מתרדמת אחרי ניסיון חיסול, מנסה לשחזר את זיכרונותיו ולגלות מי עומד מאחורי הניסיון לרצחו. הוא נלחם בעולמו החדש, מלא במזימות וסכנות. 🔥🔍\n\n🔗 קישור לדרייב:\nפרק 1\nhttps://drive.google.com/file/d/1BjzeaJx6Z5vlA3e1XqVSatDs09YVz-Oy/view?usp=drivesdk\n\nפרק 2\nhttps://drive.google.com/file/d/1x_HngHwGRX_TwF0rA74RiFGwyLt0UU4-/view?usp=drivesdk\n\nפרק 3\nhttps://drive.google.com/file/d/1iusVcMH6nWavNy84v4irSTq0Yj_7B49a/view\n\nפרק 4\nhttps://drive.google.com/file/d/1H4AHS0e4lSDjXcndkyaxsjTE0DIH-m0Y/view?usp=drivesdk\n\nפרק 5 \nhttps://drive.google.com/file/d/1VGb9dIlWi1g0ScKeKBVMTwFMzhMdpv8I/view?t=2\n\nפרק 6\nhttps://drive.google.com/file/d/1eldq1xp4wbIz4umCdiklTXQy1Ut_Ln40/view?usp=drivesdk\n\nפרק 7\nhttps://drive.google.com/file/d/1TvJ1mKNVh3pq4vTbXcugqLjf1GerhKdA/view?usp=drivesdk\n\nפרק 8\nhttps://drive.google.com/file/d/168ypX56m94coYwtnqiX4byh0FAE9fygT/view?usp=drivesdk\n\nפרק 9\nhttps://drive.google.com/file/d/106MXYUJ-AkWD9NSGiiZ1ILZNrOZu8fSz/view?usp=drivesdk\n\nפרק 10\nhttps://drive.google.com/file/d/1CF8VsbfZelG8MnEDPbhs0qpKxMNE0l1b/view?usp=drivesdk",single,,,g,,,,,0,,,,,,,,seconds,0,0,,,,,,,,,,,,,79,0
"פלמ""ח",none,"🎬 פלמ""ח\n🎭 ז'אנר: דרמה, הרפתקאות, היסטוריה\n📅 שנת יציאה: 2020\n⏱ אורך פרק: כ-30 דקות\n\nתקציר:\nסדרת נוער ישראלית שמתרחשת בשנת 1946, ומגוללת את סיפורם של בני נוער שמצטרפים לכוחות הפלמ""ח בסתר, תוך כדי שהם מתמודדים עם משימות מסוכנות, חברות, אהבה וסודות מתקופת המאבק להקמת המדינה. סדרה מותחת ומרגשת שמביאה את רוח התקופה לחיים! 🇮🇱🔥\n\n🔗 קישור לדרייב: https://drive.google.com/drive/folders/1VgqW-O16-v36KTTOGCdITT7BkAfq2j9k?usp=share_link",single,,,g,,,,,0,,,,,,,,seconds,0,0,,,,,,,,,,,,,236,0
פלמח,none,"🎬 פלמ""ח\n🎭 ז'אנר: דרמה, הרפתקאות, היסטוריה\n📅 שנת יציאה: 2020\n⏱ אורך פרק: כ-30 דקות\n\nתקציר:\nסדרת נוער ישראלית שמתרחשת בשנת 1946, ומגוללת את סיפורם של בני נוער שמצטרפים לכוחות הפלמ""ח בסתר, תוך כדי שהם מתמודדים עם משימות מסוכנות, חברות, אהבה וסודות מתקופת המאבק להקמת המדינה. סדרה מותחת ומרגשת שמביאה את רוח התקופה לחיים! 🇮🇱🔥\n\n🔗 קישור לדרייב: https://drive.google.com/drive/folders/1VgqW-O16-v36KTTOGCdITT7BkAfq2j9k?usp=share_link",single,,,g,,,,,0,,,,,,,,seconds,0,0,,,,,,,,,,,,,237,0
"פמת""א",none,"🎬 פמת״א – פרקליטות מחוז תל אביב\n🎭 ז’אנר: דרמה, משפטי\n📅 שנת יציאה: 2018\n\n📖 תקציר: דרמת מתח ישראלית העוקבת אחר דפנה, פרקליטה צעירה ומבטיחה, שמוצאת את עצמה במרכז פרשיית שחיתות שמאיימת להרוס את הקריירה שלה ואת מערכת המשפט כולה. תוך כדי חקירה מסוכנת, היא נאלצת לבחור בין נאמנות למערכת לבין גילוי האמת. ⚖️🔥\n\n🔗 קישור לדרייב: https://drive.google.com/folderview?id=1w1kj2oxMNrOEjjOt7iA0ZZKBaeZ0ybMG",single,,,g,,,,,0,,,,,,,,seconds,0,0,,,,,,,,,,,,,281,0
פצועים בראש,none,"🎬 פצועים בראש\n🎭 ז'אנר: דרמה, קומדיה\n📅 שנת יציאה: 2009\n⏱ אורך פרק: 45 דקות\n\nתקציר:\nהסדרה עוקבת אחרי קבוצה של צעירים בתל אביב שמחפשים משמעות לחיים. כל אחד מהם פוגש את המציאות האכזרית בדרכו, ומנסה למצוא את מקומו בתוך עולם של מצבים קשים ומצחיקים. במהלך הסדרה, הם מתמודדים עם התמודדויות פנימיות, מערכות יחסים, והשלכות בחירותיהם. הסדרה מצליחה לשלב בין דרמה לעיתים כואבת לבין רגעים של הומור מקומי.\n\n🔗 קישור לדרייב:\nעונה 1\nhttps://drive.google.com/drive/folders/1JBPfaA1sjRqKhWTm6bmZLGX1XfNHTIfG\n\nעונה 2\nhttps://drive.google.com/drive/folders/1-8rCU6gxpvIEOMfbDa3ZmvNzccy1aop0",single,,,g,,,,,0,,,,,,,,seconds,0,0,,,,,,,,,,,,,210,0
פרסי ג'קסון,none,"🎬 פרסי ג'קסון והאולימפיים | Percy Jackson & the Olympians\n📅 שנת יציאה: 2010–2023\n📺 עונות: 2 סדרה + 2 סרטים\n🎞 פרקים בסדרה: 16\n⏱ אורך פרק: כ‑25–45 דק'\n⏱ אורך סרטים: 120 דק' / 107 דק'\n\n📝 תקציר:\nהסיפור עוקב אחר פרסי ג'קסון, נער שמגלה שהוא בנו של אל יווני ומצטרף למחנה חצי‑אלים.\nהוא וחבריו מתמודדים עם אתגרים מיתולוגיים, יצורים מסוכנים וכוחות אפלים.\nהסדרה והסרטים משלבים חברות, נאמנות, גילוי עצמי והרפתקאות מרתקות, ומרחיבים את עולם המחנה הקסום.\n> *DriveFlix*\n🔗 קישורים לדרייב:\n*פרסי ג'קסון 1:*\nhttps://drive.google.com/file/d/1aKAWTbEFO0CNL1Ik3h2lNqtRFgwNxPHJ/view?usp=drivesdk\n*פרסי ג'קסון 2:*\nhttps://drive.google.com/file/d/1Q83_RGWaPvcguPTPA3xxTMxPVU6EfGT7/view?usp=drivesdk\n\n*סדרה • עונה 1:*\nhttps://drive.google.com/drive/folders/17ibv-8GGEt15zQszyeGliIgkhMV_pG8J\n\n*סדרה • עונה 2:*\nhttps://drive.google.com/drive/folders/1cs1hL6EG3lTev7PrVQDiDtkZHtCHsIYT",single,,,g,,,,,0,,,,,,,,seconds,0,0,,,,,,,,,,,,,444,0
פרפר,none,"🎬 פרפר / Butterfly (2025)\n🎭 ז'אנר: מותחן • ריגול • דרמה\n📅 שנת יציאה: 2025\n⏱ אורך הפרקים: כ-50 דקות כל פרק \n⭐ דירוג: Tomatometer 68% / Popcornmeter 84% \n\n📝 תקציר:\nדיויד ג’ונג, סוכן ביון אמריקאי לשעבר שמתגורר בדרום קוריאה, מוצא את חייו מושמטים תחת רודף — כאשר בתו ריבקה, שעברה אימונים להיות מתנקשת בארגון הריגול “Caddis”, נשלחת להרוג אותו. הוא נאלץ לשוב לעבר שלו, להיאבק בסודות, בגידה ורגשות עמוסים כדי להציל אותה ולגלות מי באמת אויב מיה. \n\n> Driveflix\n🔗 קישור לדרייב:\nhttps://drive.google.com/drive/folders/1AJjBLEIP-6uF5JxqVAUkNFFNLkEWBH63",single,,,g,,,,,0,,,,,,,,seconds,0,0,,,,,,,,,,,,,1027,0
פרק,normal,"בבקשה לא לרשום עונה או פרק, רק את שם הסדרה. תודה! 🙏😊",single,,,g,,,,,0,,,,,,,,seconds,0,0,,,,,,,,,,,,,5,0
צבי הנינג'ה,none,"🎬צבי הנינג'ה \n🎭 ז'אנר: אנימציה, פעולה, הרפתקאות\n📅 שנת יציאה: 2012\n⏱ אורך פרק: כ-22 דקות\n*סך הכל שעה וחצי*\n*(פרקים ברצף)*\n\n📝 תקציר: \nהסדרה עוקבת אחרי ארבעה צבי ים – לאונרדו, רפאל, דונטלו ומיכלאנג'לו – שהפכו לדמויי-אדם לאחר חשיפה למוטגן. הם אומנו באמנות הלחימה נינג'יטסו על ידי ספלינטר, עכברוש דמוי-אדם, ומתגוררים בתעלות הביוב של ניו יורק. הצבים יוצאים להרפתקאות, נלחמים בפושעים ובפולשים חוצנים, ומגלים את העולם שמעל לפני הקרקע. \n\n> *הועלה ע""י Qbzn*\n> 🔗 קישור לדרייב:\nhttps://drive.google.com/file/d/1Q-7lDdqHV7DkxrY3b30cB5mgvs8N1Xkd/view?usp=drivesdk",single,,,g,,,,,0,,,,,,,,seconds,0,0,,,,,,,,,,,,,542,0
צומת מילר,none,"🎬 צומת מילר\n🎭 ז'אנר: קומדיית מצבים\n📅 שנת יציאה: 2016\n⏱ אורך פרק: 25–40 דקות\nעונות 1 עד 4\n\nתקציר:\n""צומת מילר"" היא קומדיית מצבים ישראלית שבה אדיר מילר מגלם את עצמו, מציג את חייו האישיים והמקצועיים בצורה הומוריסטית. הסדרה עוקבת אחרי אדיר, אשתו הפסיכולוגית המפורסמת, ילדיהם, חברים ועמיתים לתעשיית הבידור, ומציגה את ההתמודדויות היומיומיות שלהם. הסדרה שודרה בין השנים 2016 ל-2022, וכללה ארבע עונות.\n\n🔗 קישור לדרייב:\nעונות 1-3 https://drive.google.com/drive/folders/1z-6hYjdT4ri3gfbEpYLMi_BZPbB2ZBU_\n\n⬇️ צומת מילר עונה 4 ⬇️\nפרק 1 ↙️\nhttps://drive.google.com/file/d/1NT_ztgy3yDIRSS8cMb1VOnnAdqHdV9M2/view\nפרק 2 ↙️\nhttps://drive.google.com/file/d/1mVemv0YKj07xTV3AGs6W5XnnBRr9eBhd/view\nפרק 3 ↙️\nhttps://drive.google.com/file/d/1SYIIklNr_DScdT_GK02l9y5ZAlg5bC_O/view\nפרק 4 ↙️\nhttps://drive.google.com/file/d/1RF3AAWKvNiXvTdjUgBgtuUdsxuFrOaEt/view\nפרק 5 ↙️\nhttps://drive.google.com/file/d/1JPR7nJo_8aq93O2FGrek-sMg7NuH5rQa/view\nפרק 6 ↙️\nhttps://drive.google.com/file/d/1da8p3wrqW2QsWl8Qc-wOPs82_cWWtTUS/view\nפרק 7 ↙️\nhttps://drive.google.com/file/d/1pKuQY2i5dc2IiURiX7ANvuCAfeGSvxpK/view\nפרק 8 ↙️\nhttps://drive.google.com/file/d/1Xp6va1ThBVRraG0LJXINuh901L4ZTrcf/view\nפרק 9 ↙️\nhttps://drive.google.com/file/d/1A87FWFoxT6iuvhhXmxo8-kKtiFo0sb7U/view\nפרק 10 ↙️\nhttps://drive.google.com/file/d/1F97P1TFMSc5_jjsHnn4B3qfvWJObhgVN/view\nפרק 11 ↙️\nhttps://drive.google.com/file/d/1k9tT4xVVUFg8BoonQshMFC01eBYhStki/view\nפרק 12 (אחרון לעונה!) ↙️\nhttps://drive.google.com/file/d/1MW82L5fTb4msPv0yaB-ip4bCLdP5QcWn/view\nפרק 13 - ספיישל ↙️\nhttps://drive.google.com/file/d/1Rgsr8v06dg7ARy5JZpr1o22w3YQYZSDN/view",single,,,g,,,,,0,,,,,,,,seconds,0,0,,,,,,,,,,,,,34,0
צפוף,none,"🎬 צפוף\n🎭 ז’אנר: קומדיה, משפחה\n📅 שנת יציאה: 2017\n\n📖 תקציר: סדרת קומדיה ישראלית העוקבת אחר משפחת ברמן – הורים ושלושה ילדים, החיים בבית קטן וצפוף, שבו כל רגע הופך לסיטואציה משעשעת. עם סבא שמתפרץ ללא הודעה מוקדמת, כלב שמוסיף לבלגן, ושגרה שמלאה באתגרים משפחתיים, החיים שלהם הם מסע מצחיק ובלתי נגמר של הסתגלות והפתעות. 😂🏡\n\n🔗 קישור לדרייב:\nעונה 1\nhttps://drive.google.com/folderview?id=11ROMLZ8FJqluPcT4qsIF_iTjM1tzMhwf\n\nעונה 2\nפרקים 1-8\nhttps://drive.google.com/folderview?id=1My2hQ6J4MB7k1dlFfp6JT5b6XbLDz4CU\n\nפרקים 9-12\nhttps://drive.google.com/folderview?id=1sH0gcihsv98GQJ6Hc27vnhY7e9WC7xa8\n\n פרקים 13-20\nhttps://drive.google.com/folderview?id=1dk1Fz-hNBS5lUXBxFEu-nm5EKASKI3Iz\n\n\n> *Qbzn*\nעונה 4\nhttps://drive.google.com/drive/folders/1fYftzAXrUuih4TAQ-VAwCVwcTdd6QJsY",single,,,g,,,,,0,,,,,,,,seconds,0,0,,,,,,,,,,,,,271,0
קוברה קאי,none,יש לבחור את העונה הרצויה של קוברה קאי🔍:\n\n• קוברה קאי ע1 \n• קוברה קאי ע2\n• קוברה קאי ע3\n• קוברה קאי ע4\n• קוברה קאי ע5\n• קוברה קאי ע6\n\n*בבקשה לא לשלוח לי את כל העונות אחד אחרי השני כואב לי כבר הראש*🤕😊,single,,,g,,,,,0,,,,,,,,seconds,0,0,,,,,,,,,,,,,223,0
קוברה קאי ע1,none,️⬇️ קוברה קאי עונה 1 ⬇️\nפרק 1 ↙️\nhttps://drive.google.com/file/d/17FLij9-G9u631Z5uhWlB9F0FdASCJz0o/view?usp=sharing\n\nפרק 2 ↙️\nhttps://drive.google.com/file/d/1STDS3qwmkRIyF54t4T8hONoVIJCn9PW9/view\n\nפרק 3 ↙️\nhttps://drive.google.com/file/d/1xLCq8S6frP7cyB9gaB72k1jE9tPLbqWk/view\n\nפרק 4 ↙️\nhttps://drive.google.com/file/d/1oUL-Tl5jFIxtc8_MeaBYG43fajIjiHcc/view\n\nפרק 5 ↙️\nhttps://drive.google.com/file/d/1Uy7iZzgvf3mN7cnxGHt3Pq90K91d6jr_/view\n\nפרק 6 ↙️\nhttps://drive.google.com/file/d/1JMbCU15z9Mb_xHeV_JudZkA0XUJzks0S/view\n\nפרק 7 ↙️\nhttps://drive.google.com/file/d/1ay3YtZddRlREmd3jJGOsavKdcZbYGHpJ/view\n\nפרק 8 ↙️\nhttps://drive.google.com/file/d/1NVHLA-ONAw8oPCaegDysuyvQBZb-Of7y/view\n\nפרק 9 ↙️\nhttps://drive.google.com/file/d/19SWWzWXi34SeJjq4Ebq0UrGraDTNNXeG/view\n\nפרק 10 (אחרון לעונה) ↙️\nhttps://drive.google.com/file/d/1wPS7NqzE7TP-Pni_d0OCP7PtqP0ClkMH/view,single,,,g,,,,,0,,,,,,,,seconds,0,0,,,,,,,,,,,,,224,0
קוברה קאי ע2,none,️⬇️ קוברה קאי עונה 2 ⬇️\nפרק 1 ↙️\nhttps://drive.google.com/file/d/1QOI8Y-fuDXKi866RD7uVxv2BjRvBtzhR/view?usp=sharing\n\nפרק 2 ↙️\nhttps://drive.google.com/file/d/1pJLfuZPMvIQxIT-rjKCf5Cwi-NX0SV3-/view\n\nפרק 3 ↙️\nhttps://drive.google.com/file/d/14l1iLpKvOhaspOZW8SiZ6ai9ySOFrhSm/view?usp=sharing\n\nפרק 4 ↙️ https://drive.google.com/file/d/1zjLBFTJRszRrTb0\n_k6EHtVxwsyL66Ec2/view?usp=sharing\n\nפרק 5 ↙️\nhttps://drive.google.com/file/d/1HP7lhGL5OANSzMbI04ZD5BNHDhJFQxeT/view?usp=sharing\n\nפרק 6 ↙️\nhttps://drive.google.com/file/d/1PASO2hzOfDNLSunBNMtcVCFNZYxLE3wY/view?usp=sharing\n\nפרק 7 ↙️\nhttps://drive.google.com/file/d/1Y6BurTNAhgqFhd65iDDd7q9wkZpkbQb3/view?usp=sharing\n\nפרק 8 ↙️\nhttps://drive.google.com/file/d/1XBujHaUw49b3K5-3CRNv8bxhoW-wUkh4/view?usp=sharing\n\nפרק 9 ↙️\nhttps://drive.google.com/file/d/1RzIKtq2J1yU3HbEqo-UroVWl1XzslUKo/view?usp=sharing\n\nפרק 10 (אחרון לעונה) ↙️\nhttps://drive.google.com/file/d/1IKhV2N_mq1Rs4lXbubvEJP78sb1-0V_I/view?usp=sharing,single,,,g,,,,,0,,,,,,,,seconds,0,0,,,,,,,,,,,,,225,0
קוברה קאי ע3,none,️⬇️ קוברה קאי עונה 3 ⬇️\nפרק 1 ↙️\nhttps://drive.google.com/file/d/1PaUvX2gL1DXLX4pDYIm9_ESccSXtqF6r/view?usp=sharing\n\nפרק 2 ↙️\nhttps://drive.google.com/file/d/1bHZsrJFapyEHWWhBrO4pRN4A2fcTmryM/view?usp=sharing\n\nפרק 3 ↙️\nhttps://drive.google.com/file/d/1RJAotlr7DGa-pyO7Q8Z5_ZwQ8yOcb5HN/view?usp=sharing\n\nפרק 4 ↙️\nhttps://drive.google.com/file/d/1wPNKBcuq3X2nPIPqaaBT2gxwaHobmWdl/view?usp=sharing\n\nפרק 5 ↙️\nhttps://drive.google.com/file/d/1-5rvzBEf0ZAMU3Fw-IAkZgXWpNERIpSv/view?usp=sharing\n\nפרק 6 ↙️\nhttps://drive.google.com/file/d/1R78R1-WpHLCMGMxcRa8HgKCybu7ygVFv/view?usp=sharing\n\nפרק 7 ↙️\nhttps://drive.google.com/file/d/1abjf3z1a9QUVID5lG7iK3OptYg_ImWCD/view?usp=sharing\n\nפרק 8 ↙️ \nhttps://drive.google.com/file/d/1YrX2EMOUpc6j4cj5XOInerph6JjrazmD/view?usp=sharing\n\nפרק 9 ↙️\nhttps://drive.google.com/file/d/1FcYboGmHGWzqWkFkvp5N1_pSvOokQNMP/view?usp=sharing\n\nפרק 10 (אחרון לעונה!) ↙️\nhttps://drive.google.com/file/d/1lAABGa9AFGzIR3I0zZNFCMsTArOGw7Vw/view?usp=sharing,single,,,g,,,,,0,,,,,,,,seconds,0,0,,,,,,,,,,,,,226,0
קוברה קאי ע4,none,️⬇️ קוברה קאי עונה 4 ⬇️\nפרק 1 ↙️\nhttps://drive.google.com/file/d/1m7hzHuvtfOA4_FeSACMhD62GWi8TxT5V/view?usp=sharing\n\nפרק 2 ↙️\nhttps://drive.google.com/file/d/1toV46jXFHCFRAWjLD8iUqGaCyH18ug4N/view?usp=sharing\n\nפרק 3 ↙️\nhttps://drive.google.com/file/d/1MFnOQD0qAyI7OtwlRvJ2z1TbGIaLYMWo/view?usp=sharing\n\nפרק 4 ↙️\nhttps://drive.google.com/file/d/18EUnfMqlqF22M03WAjA3I2XCeuTuEKul/view?usp=drivesdk\n\nפרק 5 ↙️\nhttps://drive.google.com/file/d/1omfUGRP0tbrm1OBCK7sVWqpHonP_DU2-/view?usp=drivesdk\n\nפרק 6 ↙️\nhttps://drive.google.com/file/d/11ZU_67UGbiMY8Uk481DXI6Utuxv0beul/view?usp=drivesdk\n\nפרק 7 ↙️\nhttps://drive.google.com/file/d/1MID3znVpCIDPpRFzpNhHPw2xgZrl0GU4/view?usp=drivesdk\n\nפרק 8 ↙️\nhttps://drive.google.com/file/d/1hATvo7Uu_cZg13_XgOzKALcFearGKjky/view?usp=drivesdk\n\nפרק 9 ↙️\nhttps://drive.google.com/file/d/1Vi-CSety5wTaiOJRVvtQQSPtkWsWWBqD/view?usp=drivesdk\n\nפרק 10 (אחרון לעונה) ↙️\nhttps://drive.google.com/file/d/1QevYYmloJ0wz24zggo-dIgajARong7xX/view?usp=drivesdk,single,,,g,,,,,0,,,,,,,,seconds,0,0,,,,,,,,,,,,,227,0
קוברה קאי ע5,none,️⬇️ קוברה קאי עונה 5 ⬇️ \nפרק 1 ↙️\nhttps://drive.google.com/file/d/1eZHqjen8zyT58CiFuy53UfWa6kdIimWY/view?usp=drivesdk\n\nפרק 2 ↙️ \nhttps://drive.google.com/file/d/1e9GYC2AwkqOXkysT_8ve1YOQi3H4jCcn/view?usp=drivesdk\n\nפרק 3 ↙️\nhttps://drive.google.com/file/d/1lgCFTLnw-f_aze_dl4pRrguE66WMyDyK/view?usp=drivesdk\n\nפרק 4 ↙️\nhttps://drive.google.com/file/d/1xstnJ8YQeDk_8UI4_0YaMUuZZCoNt3yr/view?usp=drivesdk\n\nפרק 5 ↙️\nhttps://drive.google.com/file/d/1Eb4AUCJNGXvTMlaQBfqlA8N7UJQraVsM/view?usp=drivesdk\n\nפרק 6 ↙️\nhttps://drive.google.com/file/d/1LCBCx5WUyG7N2W9-Vw52Z8NSKEh0yJK-/view?usp=drivesdk\n\nפרק 7 ↙️\nhttps://drive.google.com/file/d/1fUeAf62oqE7rzm6kh0Q-vBoBGupHfTpS/view?usp=drivesdk\n\nפרק 8 ↙️ \nhttps://drive.google.com/file/d/13piSLBYNh7uhItAKtvHwW_McyceLNLSt/view?usp=drivesdk\n\nפרק 9 ↙️\nhttps://drive.google.com/file/d/1MS5OZnRZnkMPt4NOg4tu4vl81wiknZVg/view?usp=drivesdk\n\nפרק 10 (אחרון לעונה) ↙️\nhttps://drive.google.com/file/d/1233FyIWsiX9_0wY1_OGRGttuhJvWNhjG/view?usp=drivesdk,single,,,g,,,,,0,,,,,,,,seconds,0,0,,,,,,,,,,,,,228,0
קוברה קאי ע6,none,קוברה קאי עונה 6 ↙️ \nhttps://drive.google.com/drive/folders/19PMcOcFrB2uzPfAkIZkjNQRnNrb5QMuB\n\nפרקים 11 -15 (החדשים)\nhttps://drive.google.com/drive/folders/1-3m0JXH3DwDvs47r2sm_Nu4e-FNx33-4,single,,,g,,,,,0,,,,,,,,seconds,0,0,,,,,,,,,,,,,229,0
קופיקו,none,"🎬 קופיקו\n🎭 ז'אנר: קומדיית מצבים לילדים\n📅 שנת יציאה: 1993\n⏱ אורך פרק: כ-30–40 דקות\n\n📝 תקציר:\n הסדרה עוקבת אחרי קופיקו, קוף מדבר שניתן כמתנת יום הולדת לנגה, הילדה הצעירה במשפחת לזר בפתח תקווה. קופיקו מתערבב בחיי המשפחה, מבצע תעלולים ומסבך את העניינים, בעוד השכנים, שושנה ואברום תפוחי, מנסים להיפטר ממנו. הסדרה שודרה במספר עונות בין השנים 1993 ל-2013, וזכתה לפופולריות רבה בקרב ילדים בישראל. \n\n🔗 קישור לדרייב:\nhttps://drive.google.com/drive/folders/1bE6ivPtIR52Bimff7h3PeL_D-1uJ3P_M",single,,,g,,,,,0,,,,,,,,seconds,0,0,,,,,,,,,,,,,209,0
קטורזה,none,"🎬 קטורזה - עם ישראל קטורזה\n🎭 ז'אנר: קומדיית מצבים\n📅 שנת יציאה: 2013\n⏱ אורך פרק: כ-25 דקות\n\n\n📝 תקציר: \nהסדרה עוקבת אחרי ישראל (ישראל קטורזה), אב משפחה קמצן שתמיד אומר את האמת בפנים, ואשתו ורד (הילה סורג'ון פישר), אם משפחה חכמה וצינית. בכל פרק הם מבקרים במקום חדש, שם מתרחשים אירועים מוזרים ומשעשעים. בין הדמויות המשניות: אלי (שלומי קוריאט), חברו הטוב של ישראל, ועוד.\n\n> *Qbzn*\n> 🔗 קישור לדרייב: \nhttps://drive.google.com/drive/folders/1jVQbFojkoDD2204XgD4lj_eGXfylLI_t",single,,,g,,,,,0,,,,,,,,seconds,0,0,,,,,,,,,,,,,534,0
רוני ותום,none,"🎬 רוני ותום\n🎭 ז'אנר: קומדיה\n📅 שנת יציאה: 2022\n⏱ אורך פרק: כ-30 דקות\n\n""תקציר: הסדרה עוקבת אחרי רוני ותום, שני חברים בלתי נפרדים שבמהלך כל פרק מוצאים את עצמם במצבים משעשעים ומבלבלים. כל פרק חושף סיטואציות שונות שמעמידות את החברות ביניהם במבחן, עם הרבה הומור ורגעים לא צפויים."" 🤣💥\n\n🔗 קישור לדרייב: \nעונות 1-4 \nhttps://drive.google.com/drive/folders/1MntZUKws1HbMyY2UgnKBj55bdd7yogCs\n\n*עונה 5 - מבית סתם מישהו*\nhttps://drive.google.com/drive/folders/1-5jWIau2628IKQmcj5MAZATnDcYKffAs\n\n*עונה 6 - מבית סתם מישהו*\nhttps://drive.google.com/drive/folders/1-D9CaZRDJxnjDQZxta6E-ti0lSaTw_OC",single,,,g,,,,,0,,,,,,,,seconds,0,0,,,,,,,,,,,,,164,0
ריק ומורטי,none,ריק ומורטי עונות 1-4 ↙️\nhttps://drive.google.com/drive/folders/1hEL4UkTBqhCKJsoXGLIv4f1RRZQt634i?usp=sharing\n\nעונה 4 פרק 2 ↙️\nhttps://drive.google.com/file/d/1IJdvTIcAjk3xjmc8WlSyklYB25g972es/view\n\nעונה 4 פרק 5 ↙️\nhttps://drive.google.com/file/d/1I3WwYYs49B_kTYPKm2FPY5blu1iyDCDD/view?usp=drivesdk\n\nריק ומורטי עונה 5 ↙️\nhttps://drive.google.com/drive/folders/1iakMk3OQnxeytGRs8sWAASozpAhUwtW9\n\nריק ומורטי עונה 6 ↙️\nhttps://drive.google.com/drive/folders/1idxVwD93AWdN7SuP4HMK_WiMkbeBSJXO\n\n> צריך לבקש בקשת גישה - הבעלים של הקבצים צריך לאשר - לא אנחנו\n\n⬇️ ריק ומורטי עונה 7 ⬇️\nפרק 1 ↙️\nhttps://drive.google.com/uc?id=1EWKmvVxJ4Na7PVHr7qWJM_LsFnFMJ0jN&export=download\nפרק 2 ↙️\nhttps://drive.google.com/file/d/1Tr9jQG24szFpR5slZoHDqgbNPpQjWDhz/view?usp=drivesdk\nפרק 3 ↙️\nhttps://drive.google.com/uc?id=1ECb3njL9bVaKX5vzvnxOgAXnxD7Lu2vN&export=download\nפרק 4 ↙️\nhttps://drive.google.com/file/d/1CVUUlMtwCp3sENwovBNDBiaZzlMrlmGZ/view?usp=drivesdk\nפרק 5 ↙️ \nhttps://drive.google.com/uc?id=1X8nb50WtirZNmuAM9N1OM7j0GBcihQVB&export=download\nפרק 6 ↙️ \nhttps://drive.google.com/file/d/1MSecimQYP1iXmuTbrO0xJJzKM8anGSBp/view?usp=drivesdk\nפרק 7 ↙️\nhttps://drive.google.com/file/d/1llgWXqOZHjy7SkdOFhoJxy4fhstoW9ss/view?usp=drivesdk\nפרק 8 ↙️ \nhttps://drive.google.com/file/d/1JxeozbUM7mrHafdzkB4-tKxhsCXS9bM7/view?usp=drivesdk\nפרק 9 ↙️ \nhttps://drive.google.com/uc?id=1JOjGPDUc6c-dnN3l4lbjAXHcszkTYip5&export=download\nפרק 10 (אחרון לעונה) ↙️\nhttps://drive.google.com/file/d/14JR5QzmeLwhVgp35tPN1XEO-9vQlaE9H/view?usp=drivesdk,single,,,g,,,,,0,,,,,,,,seconds,0,0,,,,,,,,,,,,,317,0
רמזור,none,"🎬 רמזור\n🎭 ז’אנר: קומדיה\n📅 שנת יציאה: 2008\n⏱ אורך פרק: כ-25 דקות\n\nתקציר:\nסדרת קומדיה ישראלית שעוקבת אחרי שלושה חברי ילדות, איצקו הנשוי, חפר הרווק ואמיר שנמצא בזוגיות. כל אחד מהם מייצג “רמזור” אחר במערכת יחסים – אדום (נשוי), צהוב (בזוגיות) וירוק (רווק). יחד, הם מתמודדים עם חיי היום-יום בהומור שנון וסיטואציות משעשעות. 🚦😂\n\n🔗 קישור לדרייב: https://drive.google.com/drive/folders/0B6vB20YfIL4GcDRRWU9pUm1GLVU?resourcekey=0-10z4c49BxmT8FIojRYRa3g",single,,,g,,,,,0,,,,,,,,seconds,0,0,,,,,,,,,,,,,109,0
שבאבניקים,none,"🎬 שבאבניקים (Shababnikim / The New Black)\n🎭 ז'אנר: קומדיה-דרמה\n📅 שנת יציאה: 2017-2025 (שלושה עונות בכולל) \n⏱ אורכי פרקים: בערך כ-30 דקות לפרק \n\n📝 תקציר:\nארבעה תלמידי ישיבה חרדים מנסים למצוא את האיזון בין החיים המודרניים לבין ההשקפה השמרנית של הסביבה שלהם. הם מתמודדים עם נושאים כמו מערכות יחסים, קונפליקטים בישיבה, דרישות של המשפחה והחברה ומציאת מקום לזהותם המורכבת. \n\n> Driveflix\n🔗 קישור לדרייב:\n> *הועלה ע""י Qbzn*\n> *עונה 1*\n> 🔗 קישור לדרייב: \nhttps://drive.google.com/drive/folders/1IN_ejClkWSivLwWuDGgdovKiTwWXwEXK\n> Qbzn\n\n> הועלה ע""י Qbzn\n> *עונה 2*\n> 🔗 קישור לדרייב:\nhttps://drive.google.com/drive/folders/1zndIlw1OshHsLONrGfWIuHBTYL48LuzG\n\n> *הועלה ע""י Qbzn*\n> *עונה 3*\nhttps://drive.google.com/drive/folders/14oRXRGybRqw5a1XAzI3Z-B8QjHjm_WTu",single,,,g,,,,,0,,,,,,,,seconds,0,0,,,,,,,,,,,,,522,0
שובר שורות,none,"🎬 שובר שורות\n🎭 ז'אנר: דרמה, פשע, מתח\n📅 שנת יציאה: 2008-2013\n⏱ אורך פרק: כ-47 דקות\n\nתקציר:\nוולטר וייט, מורה לכימיה שמגלה כי הוא חולה בסרטן סופני, מחליט לנצל את כישוריו כדי לייצר ולמכור מתאמפטמין, מתוך מטרה לדאוג למשפחתו לפני מותו. יחד עם תלמידו לשעבר, ג'סי פינקמן, הוא נשאב לעולם הפשע ומתחיל להפוך לדמות בלתי ניתנת לעצירה. סדרה עוצמתית וממכרת עם עלילה מתוחכמת ודמויות בלתי נשכחות. 💊🔥\n\nעונה 1 ↙️\nhttps://drive.google.com/open?id=1Qgn4yZDSaXXzB4oUBPO_O7qRF7QChnyU\nעונה 2 ↙️\nhttps://drive.google.com/open?id=1CGSQqiT9Ky58kH3kENwRu-3YTdxXs7ua\nפרק 12 ↙️\nhttps://drive.google.com/file/d/1Yd18cyiEmttpwxnow5DIKjEkFAzpNy8g/view\nעונה 3 ↙️\nhttps://drive.google.com/open?id=1FA2EcWDJ7wSKCEUXEV9zvOBLikdzD9mx\nעונה 4 ↙️\nhttps://drive.google.com/folderview?id=1TY_5aBmz0pVHiHTQC5ecB9LfOnUZVPys\nעונה 5 ↙️\nhttps://drive.google.com/folderview?id=1aQZQdWW0AoUuhxMh7izdaiB7iO7HyGW3",single,,,g,,,,,0,,,,,,,,seconds,0,0,,,,,,,,,,,,,59,0
שטח,none,"🎬 שטח\n🎭 ז'אנר: דרמה, מתח\n📅 שנת יציאה: 2021\n⏱ אורך פרק: 40 דקות\n\nתקציר:\nהסדרה מתארת את חייהם של צעירים המתגייסים למשימות סודיות בשטחי החוץ של ישראל. הסיפור מלא במתח, כישורים טכניים, והתמודדות עם שאלות מוסריות תוך כדי פעילות מסוכנת. 🔒🕵️‍♂️\n\n🔗 קישור לדרייב: https://drive.google.com/drive/folders/12rAoiYKY9TJPjeYitviPDHAcbZH2bBxB",single,,,g,,,,,0,,,,,,,,seconds,0,0,,,,,,,,,,,,,29,0
שכונה,none,"🎬 שכונה\n🎭 ז'אנר: דרמה\n📅 שנת יציאה: 2018\n⏱ אורך פרק: 55 דקות\n\nתקציר:\nהסדרה עוסקת בחיי יזמים צעירים בשכונה תל אביבית, כשהם נאלצים להתמודד עם אתגרים אישיים, כלכליים וחברתיים במטרה להקים עסק חדש. הם פוגשים בקשיים בדרכם לעשיית כסף ותמורות בין חברים. 💼🌇\nשכונה👇\n\n🔗 קישור לדרייב:\n️• עונה 1 ↙️\nhttps://drive.google.com/drive/folders/19bPwxamKtKcD0PM4CVAEq50XvOM32KJ6\n\n* עונה 2 ↙️\nhttps://drive.google.com/drive/folders/19T7YGCnSSMbOpNc1ZR0Lvqdz3DJwmRED\n\n* עונה 3 | פרק 1-39 ↙️\nhttps://drive.google.com/folderview?id=1c8Y6IByz34kkNVdWmDSlUe04us0QTWMo\n\n* פרקים 40-48 (סוף העונה) ⬇️\nhttps://drive.google.com/folderview?id=1IKI1uV3tSd_PDXwvN4WxEur5x3-fjWSn\n\n* פרק 48 - תקין. ✅\nhttps://drive.google.com/file/d/1Ukn0eZoHlE0cwQTGHKCwtZvYzZ4abhSr/view",single,,,g,,,,,0,,,,,,,,seconds,0,0,,,,,,,,,,,,,135,0
שלומי 6,none,"🎬 שלומי 6 - מתעדכן\n🎭 ז'אנר: דרמה, ספורט, פשע\n📅 שנת יציאה: 2025\n⏱ אורך פרק: כ-50 דקות\n\nתקציר:\nהסדרה עוקבת אחרי שני בני דודים בשם שלומי, כדורגלנים מוכשרים שמסתבכים עם ארגון פשע ישראלי. הם שואפים לפרוץ בקריירה, אך הדרך לצמרת מלאה במכשולים, שקרים ובעיות אמינות.⚽️💥\n\n🔗 קישור לדרייב: https://drive.google.com/drive/folders/1sAhmalRfZ7Ih62-QMvyrNw1vASXjDsDo",single,,,g,,,,,0,,,,,,,,seconds,0,0,,,,,,,,,,,,,78,0
שלומי שש,none,"🎬 שלומי 6 - מתעדכן\n🎭 ז'אנר: דרמה, ספורט, פשע\n📅 שנת יציאה: 2025\n⏱ אורך פרק: כ-50 דקות\n\nתקציר:\nהסדרה עוקבת אחרי שני בני דודים בשם שלומי, כדורגלנים מוכשרים שמסתבכים עם ארגון פשע ישראלי. הם שואפים לפרוץ בקריירה, אך הדרך לצמרת מלאה במכשולים, שקרים ובעיות אמינות.⚽️💥\n\n🔗 קישור לדרייב: https://drive.google.com/drive/folders/1sAhmalRfZ7Ih62-QMvyrNw1vASXjDsDo",single,,,g,,,,,0,,,,,,,,seconds,0,0,,,,,,,,,,,,,221,0
שנות ה80,none,"🎬 שנות ה-80\n🎭 ז'אנר: דרמה, קומדיה\n📅 שנת יציאה: 2024\n⏱ אורך פרק: כ-105 דקות\n\nתקציר:\nהסרט עוקב אחרי קבוצה של חברים בני נוער בשנות ה-80, כשהם מתמודדים עם האתגרים של גיל ההתבגרות, חברויות מורכבות והמרדף אחר חוויות בלתי נשכחות. הוא משלב בין רגעי נוסטלגיה לשיקולים החיים הקשים שהם חווים, עם הרבה הומור וסצנות מפתיעות.\n\n🔗 קישור לדרייב: \nעונות 1-5\nhttps://drive.google.com/drive/folders/1-H9xgtDe77Xm270PzCLHs1UVMUJYbPyR\n\nפרקים שחסרים בעונה 5\nפרק 17 \nhttps://drive.google.com/file/d/13Kiu6nCuCjs3fCcmYP6v3VdWcHFvqLU-/view?usp=drivesdk\n\n פרק 18\nhttps://drive.google.com/file/d/1hNoI1V2T4tPXvr7xtv0C-tGnc7gCaLK_/view\n\n פרק 19\nhttps://drive.google.com/file/d/1bTaIkOi0BXww4cdSlaeShtzP_Zw4Qs0u/view\n\n פרק 20\nhttps://drive.google.com/file/d/15JeDWCFW1RRNyhhLaco5Sgh-59X8UG0i/view?usp=drivesdk\n\n פרק 21\nhttps://drive.google.com/file/d/1-p5zWi7WNxUTp2ZevVYQh7pEB6cNpUah/view\n\n פרק 22\nhttps://drive.google.com/file/d/1sr338-P8EqFLjn6O94QE3xXrEfZWpDmi/view\n\n פרק 23\nhttps://drive.google.com/file/d/15Cc9ij1JFTd_zR9yUP7EjiWMxOvCjkqN/view\n\n פרק 24\nhttps://drive.google.com/file/d/1dItEpZaxAAK2jV4oM2IZkv2afmGCNay0/view\n\nפרק 25 (אחרון לסדרה)\nhttps://drive.google.com/file/d/1OCEqrIfF0epVPD_gyBPM4zF1qStCeLqf/view",single,,,b,,,,,0,,,,,,,,seconds,0,0,,,,,,,,,,,,,173,0
שנות ה90,none,"🎬 שנות התשעים\n🎭 ז'אנר: דרמה, נוסטלגיה\n📅 שנת יציאה: 2022\n⏱ אורך פרק: 30 דקות\n\nתקציר:\nהסדרה מציגה את חוויותיהם של חבורה של חברים בשנות ה-90, בתקופה של שינוי חברתי ותרבותי. הסדרה עוסקת בזיכרונות, חברות, והתמודדויות בעידן טרום האינטרנט והטכנולוגיה. 🕹️📼\n\n🔗 קישור לדרייב: https://drive.google.com/drive/folders/1fEOLx7kYQceBfdoQO6ysHeI0Hbpttrxg",single,,,g,,,,,0,,,,,,,,seconds,0,0,,,,,,,,,,,,,28,0
שנות השמונים,none,"🎬 שנות ה-80\n🎭 ז'אנר: דרמה, קומדיה\n📅 שנת יציאה: 2024\n⏱ אורך פרק: כ-105 דקות\n\nתקציר:\nהסרט עוקב אחרי קבוצה של חברים בני נוער בשנות ה-80, כשהם מתמודדים עם האתגרים של גיל ההתבגרות, חברויות מורכבות והמרדף אחר חוויות בלתי נשכחות. הוא משלב בין רגעי נוסטלגיה לשיקולים החיים הקשים שהם חווים, עם הרבה הומור וסצנות מפתיעות.\n\n🔗 קישור לדרייב: \nעונות 1-5\nhttps://drive.google.com/drive/folders/1-H9xgtDe77Xm270PzCLHs1UVMUJYbPyR\n\nפרקים שחסרים בעונה 5\nפרק 17 \nhttps://drive.google.com/file/d/13Kiu6nCuCjs3fCcmYP6v3VdWcHFvqLU-/view?usp=drivesdk\n\n פרק 18\nhttps://drive.google.com/file/d/1hNoI1V2T4tPXvr7xtv0C-tGnc7gCaLK_/view\n\n פרק 19\nhttps://drive.google.com/file/d/1bTaIkOi0BXww4cdSlaeShtzP_Zw4Qs0u/view\n\n פרק 20\nhttps://drive.google.com/file/d/15JeDWCFW1RRNyhhLaco5Sgh-59X8UG0i/view?usp=drivesdk\n\n פרק 21\nhttps://drive.google.com/file/d/1-p5zWi7WNxUTp2ZevVYQh7pEB6cNpUah/view\n\n פרק 22\nhttps://drive.google.com/file/d/1sr338-P8EqFLjn6O94QE3xXrEfZWpDmi/view\n\n פרק 23\nhttps://drive.google.com/file/d/15Cc9ij1JFTd_zR9yUP7EjiWMxOvCjkqN/view\n\n פרק 24\nhttps://drive.google.com/file/d/1dItEpZaxAAK2jV4oM2IZkv2afmGCNay0/view\n\nפרק 25 (אחרון לסדרה)\nhttps://drive.google.com/file/d/1OCEqrIfF0epVPD_gyBPM4zF1qStCeLqf/view",single,,,g,,,,,0,,,,,,,,seconds,0,0,,,,,,,,,,,,,174,0
שנות התשעים,none,"🎬 שנות התשעים\n🎭 ז'אנר: דרמה, נוסטלגיה\n📅 שנת יציאה: 2022\n⏱ אורך פרק: 30 דקות\n\nתקציר:\nהסדרה מציגה את חוויותיהם של חבורה של חברים בשנות ה-90, בתקופה של שינוי חברתי ותרבותי. הסדרה עוסקת בזיכרונות, חברות, והתמודדויות בעידן טרום האינטרנט והטכנולוגיה. 🕹️📼\n\n🔗 קישור לדרייב: https://drive.google.com/drive/folders/1fEOLx7kYQceBfdoQO6ysHeI0Hbpttrxg",single,,,g,,,,,0,,,,,,,,seconds,0,0,,,,,,,,,,,,,27,0
שעת נעילה,none,"🎬 שעת נעילה\n🎭 ז’אנר: דרמה, מלחמה\n📅 שנת יציאה: 2020\n⏱ אורך פרק: כ-45 דקות\n\n“תקציר: סדרה ישראלית עוצמתית המתארת את הקרבות הקשים של מלחמת יום הכיפורים מנקודת מבטם של חיילים בשדה הקרב, לצד הדרמות האישיות והפוליטיות שמתרחשות מאחורי הקלעים. הסדרה מביאה סיפור מרגש של אומץ, כאב והקרבה.”\n\n🔗 קישור לדרייב:\nפרק 1+2 ↙️\nhttps://drive.google.com/file/d/1bDVUGgAj9dRxPKdi_mFJTtSSl6ylrmcI/view\n\nפרק 3 ↙️\nhttps://drive.google.com/file/d/1W1QS4gBZ2sYu2aEPzFuHw07br-YWXqA-/view\n\nפרק 4 ↙️\nhttps://drive.google.com/file/d/1N1N1eQRAys0mu9LmbyppN4f6N2zwJ-m0/view\n\nפרק 5 ↙️\nhttps://drive.google.com/file/d/1eFvAqzt1YucbcouCyjRYXdgme2bPhiMF/view\n\nפרק 6 ↙️\nhttps://drive.google.com/file/d/11BAWXimLacPtCgLNUVtKSk4c4qYYbaAz/view?usp=drivesdk\n\nפרק 7 ↙️\nhttps://drive.google.com/file/d/1lByPkQ-YiAyfzK7yqcJWImVb5Q8lxic1/view\n\nפרק 8 ↙️\nhttps://drive.google.com/file/d/1PhYJH77o9i-4JMZZJL1bu6FMi--eMqra/view\n\nפרק 9+10 (אחרון לעונה) ↙️\nhttps://drive.google.com/file/d/1aGmVzojuTq_x3NpCHxd5himh1VLeyksa/view",single,,,g,,,,,0,,,,,,,,seconds,0,0,,,,,,,,,,,,,247,0
שקשוקה,none,"🎬 שקשוקה\n🎭 ז'אנר: דרמה, ילדים, חינוכי\n📅 שנת יציאה: 2021\n⏱ אורך פרק: כ-23 דקות \n\n*📝 תקציר:*\nסדרה ישראלית לילדים המתארת את חייהם של תלמידי בית הספר ""שדות"" בצפון הארץ. הסדרה עוקבת אחר חבורת ילדים מכיתה ה' המתמודדים עם אתגרים חברתיים, משפחתיים ואישיים, תוך כדי התבגרותם.\n👧👦🏫📚\n\n> *Qbzn*\n> *🔗 קישור לדרייב:*\n\nעונה 1\n\nhttps://drive.google.com/drive/folders/1-UJsgm0EczqLCAgsqegJjQCl5txjyzqa\n\nעונה 2\n\nhttps://drive.google.com/drive/folders/16Cbrif_USgBxPlxKN8E5LM0KpFEOt9Do\n\nעונה 3\n\nhttps://drive.google.com/drive/folders/16u0tvHhNCQT8RIHdeOHbUI_Rp0J1drI5\n\nעונה 4\n\nhttps://drive.google.com/drive/folders/1RIndRfmAcjcAPNmiMrS0m4xsC4JSQNAk",single,,,g,,,,,0,,,,,,,,seconds,0,0,,,,,,,,,,,,,712,0
"תאג""ד",none,"🎬 תאג""ד\n🎭 ז'אנר: דרמה, צבא\n📅 שנת יציאה: 2015\n⏱ אורך פרק: 45 דקות\n\nתקציר:\nהסדרה עוקבת אחרי חיי החיילים והחיילות בתאג""ד (תאגיד המילואים). היא מציגה את ההתמודדויות של הדמויות עם המשימות הצבאיות, הקשרים האישיים והמערכות הרגשיות, תוך שהיא נותנת תמונה אותנטית ומרגשת על החיים בצבא, החברות והקורבנות שמגיעים עם השירות. 💥🇮🇱\n\n🔗 קישור לדרייב: \n️תאג""ד עונה 1 ↙️\nhttps://drive.google.com/drive/folders/1orirsl-bhOuJNwt-kqDIIGpQrF8qixiI\n\nפרקים 1+2 תקינים (עונה 1) ✅ ↙️\nhttps://drive.google.com/file/d/1dpljsa-FgeN5jjh1lusV6GpsjR9kBUxF/view\n\nתאג""ד עונה 2 ↙️\nhttps://drive.google.com/drive/folders/11yiGf5Ug0pRd2YcdQpoTCGP3USwF2rOS",single,,,g,,,,,0,,,,,,,,seconds,0,0,,,,,,,,,,,,,112,0
תאגד,none,"🎬 תאג""ד\n🎭 ז'אנר: דרמה, צבא\n📅 שנת יציאה: 2015\n⏱ אורך פרק: 45 דקות\n\nתקציר:\nהסדרה עוקבת אחרי חיי החיילים והחיילות בתאג""ד (תאגיד המילואים). היא מציגה את ההתמודדויות של הדמויות עם המשימות הצבאיות, הקשרים האישיים והמערכות הרגשיות, תוך שהיא נותנת תמונה אותנטית ומרגשת על החיים בצבא, החברות והקורבנות שמגיעים עם השירות. 💥🇮🇱\n\n🔗 קישור לדרייב: \n️תאג""ד עונה 1 ↙️\nhttps://drive.google.com/drive/folders/1orirsl-bhOuJNwt-kqDIIGpQrF8qixiI\n\nפרקים 1+2 תקינים (עונה 1) ✅ ↙️\nhttps://drive.google.com/file/d/1dpljsa-FgeN5jjh1lusV6GpsjR9kBUxF/view\n\nעונה 1 פרק 19 (חסר)\nhttps://drive.google.com/file/d/12WKrZXDQI-4UUw9nb-gpr9egr2WLaW6I/view?usp=drivesd\n\nתאג""ד עונה 2 ↙️\nhttps://drive.google.com/drive/folders/11yiGf5Ug0pRd2YcdQpoTCGP3USwF2rOS",single,,,g,,,,,0,,,,,,,,seconds,0,0,,,,,,,,,,,,,111,0
תיכון הלבבות השבורים,none,"🎬 תיכון הלבבות השבורים\n🎭 ז'אנר: דרמה קומית\n📅 שנת יציאה: 2022\n⏱ אורך פרק: כ-50 דקות\n\n*📝תקציר:*\nסדרה אוסטרלית העוקבת אחר חייהם של תלמידי תיכון הרטלי, המתמודדים עם אהבות, סודות ואתגרי גיל ההתבגרות. כאשר ציור קיר חושף סודות אינטימיים, אמירי וחבריה נאלצים להתמודד עם ההשלכות החברתיות. 🎨💔🏫\n\n> *Qbzn*\n🔗 קישור לדרייב:\nעונה 1\nhttps://drive.google.com/drive/folders/1JsNB4ce8lXM3X-lYMo5QJzsnhj6O9pjC\n\n> *Qbzn*\nעונה 2 \nhttps://drive.google.com/drive/folders/1WARRtMZJrrwP9nBx5wvLaoHL58_TYOEC",single,,,g,,,,,0,,,,,,,,seconds,0,0,,,,,,,,,,,,,593,0
